trade_date,total_portfolio_value,portfolio_daily_return,portfolio_cumulative_return,portfolio_drawdown,benchmark_price,benchmark_cumulative_return
2022-01-03,77593.58,0.0,0.0,0.0,4796.5601,0.0
2022-01-04,77657.46,0.00082335,0.00082335,0.0,4793.54,-0.0006296387279708382
2022-01-05,76858.64,-0.01028653,-0.00947165,-0.01028653,4700.5801,-0.02001017354082557
2022-01-06,76468.94,-0.00507037,-0.01449399,-0.01530474,4696.0498,-0.02095466290519321
2022-01-07,76681.72,0.00278263,-0.01175169,-0.0125647,4677.0298,-0.024920004650832883
2022-01-10,76516.98,-0.00214842,-0.01387487,-0.01468612,4670.29,-0.026325136632813106
2022-01-11,77077.22,0.00732189,-0.00665457,-0.00747176,4713.0698,-0.01740628664279631
2022-01-12,77230.44,0.00198776,-0.00468003,-0.00549885,4726.3501,-0.014637573289241201
2022-01-13,76311.61,-0.01189721,-0.01652156,-0.01733064,4659.0298,-0.028672694000018817
2022-01-14,76384.21,0.00095142,-0.01558586,-0.01639571,4662.8501,-0.027876227382202523
2022-01-18,75087.54,-0.01697561,-0.03229689,-0.03309299,4577.1099,-0.04575157934537277
2022-01-19,74588.93,-0.00664039,-0.03872281,-0.03951363,4532.7598,-0.05499780978455793
2022-01-20,74086.64,-0.00673422,-0.04519627,-0.04598176,4482.73,-0.0654281596513302
2022-01-21,72835.58,-0.01688635,-0.06131941,-0.06209164,4397.9399,-0.08310543216168587
2022-01-24,72569.71,-0.00365038,-0.06474595,-0.06551536,4410.1299,-0.08056402754132064
2022-01-25,72318.22,-0.00346542,-0.067987,-0.06875374,4356.4502,-0.09175531856673691
2022-01-26,72678.43,0.0049809,-0.06334474,-0.0641153,4349.9302,-0.09311462604210874
2022-01-27,72903.05,0.00309053,-0.06044998,-0.06122292,4326.5098,-0.09799737524397956
2022-01-28,74552.81,0.02262962,-0.03918832,-0.03997875,4431.8501,-0.07603574069675478
2022-01-31,75244.2,0.00927378,-0.03027796,-0.03107572,4515.5498,-0.05858579776786288
2022-02-01,75771.86,0.00701264,-0.02347765,-0.024281,4546.54,-0.05212487590846615
2022-02-02,76670.37,0.01185803,-0.01189801,-0.0127109,4589.3799,-0.04319349610567791
2022-02-03,75195.58,-0.01923542,-0.03090458,-0.03170182,4477.4399,-0.0665310542027816
2022-02-04,75822.76,0.00834069,-0.02282165,-0.02362555,4500.5298,-0.06171720854701679
2022-02-07,75722.64,-0.00132053,-0.02411204,-0.02491488,4483.8701,-0.06519046847760746
2022-02-08,76187.81,0.00614309,-0.01811707,-0.01892484,4521.54,-0.05733694444900206
2022-02-09,76714.08,0.00690762,-0.0113346,-0.01214794,4587.1802,-0.04365209559242256
2022-02-10,75452.39,-0.01644675,-0.02759493,-0.0283949,4504.0801,-0.06097703226943818
2022-02-11,74416.61,-0.01372756,-0.04094368,-0.04173267,4418.6401,-0.07878979771357397
2022-02-14,74160.55,-0.00344093,-0.04424372,-0.04502999,4401.6699,-0.08232779153543801
2022-02-15,74957.21,0.01074243,-0.03397658,-0.03477129,4471.0698,-0.0678591101151843
2022-02-16,75047.0,0.0011978,-0.03281948,-0.03361515,4475.0098,-0.06703768811319588
2022-02-17,73765.05,-0.01708184,-0.0493407,-0.05012277,4380.2598,-0.08679142788182725
2022-02-18,73231.43,-0.00723417,-0.05621793,-0.05699435,4348.8701,-0.09333563859650162
2022-02-22,72589.08,-0.00877143,-0.06449625,-0.06526586,4304.7598,-0.10253187487424575
2022-02-23,71434.81,-0.01590152,-0.07937218,-0.08012955,4225.5,-0.11905617527861267
2022-02-24,71825.05,0.00546299,-0.0743428,-0.07510431,4288.7002,-0.10588002431158938
2022-02-25,73729.4,0.02651374,-0.04980017,-0.05058187,4384.6499,-0.0858761677978348
2022-02-28,73454.67,-0.0037262,-0.0533408,-0.05411959,4373.9399,-0.08810901796060044
2022-03-01,72465.32,-0.01346895,-0.0660913,-0.0668596,4306.2598,-0.10221915076181365
2022-03-02,73734.78,0.0175182,-0.0497309,-0.05051266,4386.54,-0.08548211456789623
2022-03-03,73647.13,-0.00118867,-0.05086045,-0.05164128,4363.4902,-0.090287600065722
2022-03-04,73320.08,-0.00444083,-0.05507542,-0.05585278,4328.8701,-0.09750529342893033
2022-03-07,71862.97,-0.01987323,-0.07385413,-0.07461604,4201.0898,-0.12414528069814035
2022-03-08,71395.71,-0.00650215,-0.07987606,-0.08063302,4170.7002,-0.13048098782291906
2022-03-09,72851.82,0.02039499,-0.06111014,-0.06188254,4277.8799,-0.10813587012075587
2022-03-10,72749.04,-0.0014108,-0.06243472,-0.06320603,4259.52,-0.11196359240865117
2022-03-11,72129.15,-0.00852102,-0.07042374,-0.07118847,4204.3101,-0.12347390372529676
2022-03-14,71942.72,-0.00258467,-0.07282638,-0.07358914,4173.1099,-0.12997860696043384
2022-03-15,73208.48,0.01759403,-0.05651366,-0.05728984,4262.4502,-0.11135269627915212
2022-03-16,74354.99,0.01566095,-0.04173777,-0.04252611,4357.8599,-0.09146142044587313
2022-03-17,75312.41,0.01287636,-0.02939884,-0.03019733,4411.6699,-0.08024296411922371
2022-03-18,75962.02,0.00862545,-0.02102697,-0.02183234,4463.1201,-0.06951648536625232
2022-03-21,76263.63,0.00397057,-0.01713989,-0.01794846,4461.1802,-0.06992092103672376
2022-03-22,76786.83,0.00686035,-0.01039712,-0.01121124,4511.6099,-0.059407198921576976
2022-03-23,76251.42,-0.00697265,-0.01729728,-0.01810572,4456.2402,-0.07095082578033363
2022-03-24,77130.44,0.01152794,-0.00596874,-0.0067865,4520.1602,-0.057624608935891275
2022-03-25,77666.12,0.00694517,0.00093498,0.0,4543.0601,-0.05285037500103462
2022-03-28,78006.5,0.00438256,0.00532164,0.0,4575.52,-0.046083046056276666
2022-03-29,78427.77,0.00540048,0.01075086,0.0,4631.6001,-0.034391313057872464
2022-03-30,78263.51,-0.00209448,0.00863386,-0.00209448,4602.4502,-0.04046856412786315
2022-03-31,77097.69,-0.01489611,-0.00639086,-0.01695939,4530.4102,-0.05548766083427148
2022-04-01,77385.64,0.00373487,-0.00267986,-0.01328786,4545.8599,-0.05226666502104271
2022-04-04,77757.62,0.00480691,0.00211417,-0.00854482,4582.6401,-0.04459862808765813
2022-04-05,77125.37,-0.00813105,-0.00603408,-0.0166064,4525.1201,-0.05659055538572311
2022-04-06,76672.22,-0.00587556,-0.01187419,-0.02238439,4481.1499,-0.06575758323136605
2022-04-07,77017.62,0.004505,-0.00742268,-0.01798023,4500.21,-0.06178388132778734
2022-04-08,77069.09,0.00066818,-0.00675945,-0.01732406,4488.2798,-0.06427112213187935
2022-04-11,75698.99,-0.01777751,-0.0244168,-0.03479359,4412.5298,-0.08006368980970335
2022-04-12,75623.27,-0.00100028,-0.02539266,-0.03575907,4397.4502,-0.08320752616025795
2022-04-13,76323.53,0.00925991,-0.01636788,-0.02683028,4446.5898,-0.07296276763007725
2022-04-14,75689.09,-0.00831255,-0.02454437,-0.03491981,4392.5898,-0.08422083567763494
2022-04-18,75719.18,0.00039753,-0.02415659,-0.03453616,4391.6899,-0.0844084492968199
2022-04-19,76616.88,0.01185569,-0.0125873,-0.02308992,4462.21,-0.06970622550940198
2022-04-20,76863.38,0.00321733,-0.00941047,-0.01994688,4459.4502,-0.07028159617972873
2022-04-21,75819.95,-0.01357523,-0.02285796,-0.03325133,4393.6602,-0.08399767575100314
2022-04-22,73832.36,-0.02621457,-0.04847332,-0.05859424,4271.7798,-0.10940763569292078
2022-04-25,74439.99,0.00822989,-0.04064236,-0.05084657,4296.1201,-0.10433310321703249
2022-04-26,72637.73,-0.02421086,-0.06386924,-0.0738264,4175.2002,-0.12954281548562263
2022-04-27,73169.9,0.0073263,-0.05701086,-0.06704097,4183.96,-0.12771654836556712
2022-04-28,74910.49,0.02378834,-0.03457871,-0.04484742,4287.5,-0.10613024529808346
2022-04-29,72381.1,-0.0337655,-0.06717665,-0.07709863,4131.9302,-0.13856386371558238
2022-05-02,72543.95,0.00224989,-0.0650779,-0.0750222,4155.3799,-0.1336750059693821
2022-05-03,72703.97,0.00220588,-0.06301557,-0.07298181,4175.48,-0.129484482014517
2022-05-04,74660.42,0.02690975,-0.03780156,-0.04803599,4300.1699,-0.10348878981001397
2022-05-05,72161.3,-0.03347314,-0.07000936,-0.07990121,4146.8701,-0.1354491524040321
2022-05-06,72233.95,0.00100675,-0.06907309,-0.0789749,4123.3398,-0.14035481385920712
2022-05-09,70220.77,-0.02787028,-0.09501828,-0.10464412,3991.24,-0.1678953423308508
2022-05-10,70489.31,0.00382419,-0.09155746,-0.10122011,4001.05,-0.16585012663554444
2022-05-11,69666.77,-0.0116689,-0.10215798,-0.11170788,3935.1799,-0.1795829056744227
2022-05-12,69360.44,-0.00439714,-0.10610592,-0.11561383,3930.0801,-0.18064612596014373
2022-05-13,70591.67,0.01775116,-0.09023826,-0.09991494,4023.8899,-0.1610884016651849
2022-05-16,70756.62,0.00233674,-0.08811238,-0.09781168,4008.01,-0.16439908675385917
2022-05-17,71987.12,0.01739053,-0.07225417,-0.08212215,4088.8501,-0.14754532107290796
2022-05-18,69274.15,-0.03768687,-0.10721801,-0.11671409,3923.6799,-0.18198045720306932
2022-05-19,68761.99,-0.00739323,-0.11381855,-0.12324442,3900.79,-0.18675260631050983
2022-05-20,68947.79,0.0027021,-0.11142399,-0.12087534,3901.3601,-0.18663375029951146
2022-05-23,70671.05,0.02499372,-0.08921517,-0.09890274,3973.75,-0.1715417054818097
2022-05-24,70547.41,-0.00174954,-0.09080863,-0.10047925,3941.48,-0.17826944355393348
2022-05-25,70876.93,0.00467092,-0.08656187,-0.09627766,3978.73,-0.1705034614285349
2022-05-26,71855.86,0.01381169,-0.07394574,-0.08379572,4057.8401,-0.15401037089058878
2022-05-27,73235.98,0.01920683,-0.05615918,-0.06619835,4158.2402,-0.1330786827835222
2022-05-31,72784.63,-0.00616305,-0.06197612,-0.07195341,4132.1499,-0.13851806005724798
2022-06-01,72494.85,-0.00398134,-0.0657107,-0.07564828,4101.23,-0.1449643255799089
2022-06-02,73330.33,0.01152478,-0.05494323,-0.06499533,4176.8198,-0.1292051568372925
2022-06-03,72494.64,-0.01139625,-0.06571333,-0.07565087,4108.54,-0.1434403167386561
2022-06-06,72654.41,0.0022038,-0.06365435,-0.07361379,4121.4302,-0.14075293250260745
2022-06-07,73514.18,0.01183376,-0.05257386,-0.06265116,4160.6802,-0.132569984893966
2022-06-08,73024.25,-0.00666441,-0.0588879,-0.06889804,4115.77,-0.14193298651673292
2022-06-09,71251.32,-0.02427876,-0.08173693,-0.09150404,4017.8201,-0.16235385021027882
2022-06-10,69198.72,-0.02880776,-0.10819003,-0.11767577,3900.8601,-0.18673799167032223
2022-06-13,66926.37,-0.03283816,-0.13747542,-0.14664967,3749.6299,-0.21826687838228065
2022-06-14,66526.55,-0.00597398,-0.14262812,-0.15174756,3735.48,-0.22121688832794983
2022-06-15,67288.69,0.01145617,-0.13280592,-0.14202984,3789.99,-0.20985249408216522
2022-06-16,65527.09,-0.02617973,-0.15550883,-0.16449127,3666.77,-0.23554173750475882
2022-06-17,65205.34,-0.00491024,-0.15965549,-0.16859382,3674.8401,-0.2338592609315997
2022-06-21,67141.03,0.02968608,-0.13470896,-0.14391263,3764.79,-0.21510625917102544
2022-06-22,66939.18,-0.00300626,-0.13731025,-0.14648626,3759.8899,-0.2161278454532446
2022-06-23,67445.25,0.00756009,-0.13078824,-0.14003362,3795.73,-0.2086558031452581
2022-06-24,69275.65,0.02713912,-0.1071986,-0.11669488,3911.74,-0.18446972028975517
2022-06-27,69174.44,-0.00146108,-0.10850305,-0.11798546,3900.1101,-0.1868943537265383
2022-06-28,68005.41,-0.01689965,-0.12356904,-0.1328912,3821.55,-0.20327277875659255
2022-06-29,68130.18,0.00183469,-0.12196106,-0.13130032,3818.8301,-0.2038398309655287
2022-06-30,67567.09,-0.00826489,-0.12921795,-0.13848003,3785.3799,-0.21081362036931417
2022-07-01,68355.58,0.01166963,-0.11905625,-0.12842641,3825.3301,-0.2024846931449894
2022-07-05,68154.56,-0.00294078,-0.12164691,-0.13098952,3831.3899,-0.20122132942731175
2022-07-06,68481.86,0.00480243,-0.11742868,-0.12681616,3845.0801,-0.19836715899796598
2022-07-07,69378.06,0.0130866,-0.10587883,-0.11538915,3902.6201,-0.18637106204506848
2022-07-08,69337.7,-0.00058174,-0.10639898,-0.11590377,3899.3799,-0.18704658782447026
2022-07-11,68743.25,-0.00857322,-0.11406002,-0.12348332,3854.4299,-0.1964178870603539
2022-07-12,68019.06,-0.01053477,-0.12339319,-0.13271722,3818.8,-0.2038461062960515
2022-07-13,67701.65,-0.00466641,-0.12748379,-0.13676431,3801.78,-0.2073944825584484
2022-07-14,67484.26,-0.00321108,-0.13028551,-0.13953623,3790.3799,-0.20977120666120708
2022-07-15,68698.86,0.01799835,-0.11463208,-0.1240493,3863.1599,-0.19459783272599873
2022-07-18,68060.11,-0.00929788,-0.12286412,-0.13219378,3830.8501,-0.20133386841123901
2022-07-19,69679.39,0.02379187,-0.10199542,-0.11154705,3936.6899,-0.17926809673457444
2022-07-20,69839.79,0.00230196,-0.09992825,-0.10950187,3959.8999,-0.17442921230154085
2022-07-21,70261.92,0.00604439,-0.09448786,-0.10411935,3998.95,-0.16628794039294947
2022-07-22,69810.26,-0.00642835,-0.10030881,-0.10987838,3961.6299,-0.17406853715853576
2022-07-25,70142.27,0.00475591,-0.09602997,-0.10564505,3966.8401,-0.17298230037813966
2022-07-26,69579.11,-0.00802878,-0.10328774,-0.11282562,3921.05,-0.18252874596525948
2022-07-27,71071.83,0.02145351,-0.08405011,-0.09379262,4023.6101,-0.16114673513629063
2022-07-28,71881.49,0.01139212,-0.07361549,-0.08346899,4072.4299,-0.15096864938688037
2022-07-29,73146.85,0.0176035,-0.05730788,-0.06733483,4130.29,-0.13890581710838978
2022-08-01,72770.26,-0.00514851,-0.06216134,-0.07213666,4118.6299,-0.1413367467239699
2022-08-02,71911.55,-0.01180028,-0.0732281,-0.08308571,4091.1899,-0.14705751315406224
2022-08-03,72887.75,0.01357509,-0.06064708,-0.07063852,4155.1699,-0.13371878734512255
2022-08-04,72659.29,-0.00313445,-0.06359144,-0.07355155,4151.9399,-0.13439218660055974
2022-08-05,72743.84,0.00116371,-0.06250173,-0.07247344,4145.1899,-0.13579944510650444
2022-08-08,72533.97,-0.0028851,-0.06520651,-0.07514945,4140.0601,-0.13686891987447425
2022-08-09,72618.47,0.00116503,-0.06411745,-0.07407197,4122.4702,-0.1405361104513212
2022-08-10,73791.49,0.01615317,-0.04899998,-0.0591153,4210.2402,-0.12223758021920739
2022-08-11,73608.04,-0.00248604,-0.0513642,-0.06145437,4207.27,-0.12285681565837137
2022-08-12,74618.61,0.01372908,-0.03834031,-0.04856901,4280.1499,-0.10766261429727508
2022-08-15,74863.95,0.00328789,-0.03517847,-0.0454408,4297.1401,-0.10412045082057875
2022-08-16,75099.01,0.00313975,-0.03214918,-0.04244373,4305.2002,-0.10244005907483567
2022-08-17,74819.69,-0.00371932,-0.03574892,-0.04600518,4274.04,-0.10893642300030804
2022-08-18,74943.23,0.00165119,-0.03415676,-0.04442996,4283.7402,-0.10691409871003166
2022-08-19,74277.96,-0.00887701,-0.04273056,-0.05291256,4228.48,-0.11843489670858087
2022-08-22,73025.26,-0.01686496,-0.05887487,-0.06888515,4137.9902,-0.1373004583013563
2022-08-23,72950.13,-0.00102895,-0.05984323,-0.06984322,4128.73,-0.13923105018531934
2022-08-24,72950.1,-3.4e-07,-0.05984356,-0.06984354,4140.77,-0.136720917976197
2022-08-25,73884.32,0.01280627,-0.04780365,-0.0579317,4199.1201,-0.12455592915431202
2022-08-26,71652.6,-0.03020558,-0.0765653,-0.08638742,4057.6599,-0.154047939480629
2022-08-29,71301.55,-0.00489928,-0.08108947,-0.09086347,4030.6101,-0.15968735594494055
2022-08-30,70479.47,-0.01152973,-0.09168426,-0.10134556,3986.1599,-0.16895445550656185
2022-08-31,69795.07,-0.00971054,-0.1005045,-0.11007199,3955.0,-0.17545075688721168
2022-09-01,70118.0,0.00462682,-0.0963427,-0.10595446,3966.8501,-0.1729802155507234
2022-09-02,69350.34,-0.01094814,-0.10623606,-0.11574259,3924.26,-0.1818595163646547
2022-09-06,69005.23,-0.00497635,-0.11068374,-0.12014296,3908.1899,-0.18520985487078545
2022-09-07,69774.63,0.01114992,-0.10076794,-0.11033263,3979.8701,-0.17026577025481238
2022-09-08,70078.24,0.00435122,-0.09685518,-0.10646149,4006.1799,-0.16478063101930063
2022-09-09,71183.94,0.01577818,-0.0826052,-0.09236308,4067.3601,-0.15202561519035274
2022-09-12,72016.86,0.01170094,-0.07187082,-0.08174287,4110.4102,-0.1430504123152756
2022-09-13,69127.35,-0.04012269,-0.10910986,-0.11858582,3932.6899,-0.1801020277010602
2022-09-14,69432.04,0.0044076,-0.10518318,-0.1147009,3946.01,-0.17732501673438839
2022-09-15,68730.52,-0.01010358,-0.11422403,-0.12364559,3901.3501,-0.1866358351269276
2022-09-16,68338.19,-0.00570835,-0.11928035,-0.12864813,3873.3301,-0.19247752154716036
2022-09-19,68675.12,0.00493031,-0.11493813,-0.1243521,3899.8899,-0.18694026162624333
2022-09-20,68212.72,-0.00673313,-0.12089737,-0.13024795,3855.9299,-0.19610516294792169
2022-09-21,67004.57,-0.01771151,-0.13646761,-0.14565257,3789.9299,-0.20986502389493666
2022-09-22,66963.87,-0.00060736,-0.13699208,-0.14617147,3757.99,-0.21652394181405132
2022-09-23,65786.37,-0.01758418,-0.15216737,-0.16118535,3693.23,-0.23002528416145562
2022-09-26,65246.05,-0.00821312,-0.15913072,-0.16807463,3655.04,-0.2379872400639783
2022-09-27,64996.83,-0.0038198,-0.16234267,-0.17125242,3647.29,-0.23960298131154445
2022-09-28,65970.87,0.01498599,-0.14978955,-0.15883281,3719.04,-0.2246443446002062
2022-09-29,64851.74,-0.01696406,-0.16421256,-0.17310242,3640.47,-0.24102483360940274
2022-09-30,63889.43,-0.01483852,-0.17661441,-0.18537235,3585.6201,-0.2524600911390643
2022-10-03,65569.17,0.02629134,-0.15496649,-0.1639547,3678.4299,-0.23311084958572703
2022-10-04,67364.52,0.02738096,-0.13182866,-0.14106297,3790.9299,-0.20965654115331522
2022-10-05,67401.35,0.00054681,-0.13135394,-0.1405933,3783.28,-0.211251413278445
2022-10-06,66805.91,-0.00883431,-0.13902783,-0.14818557,3744.52,-0.21933220434369205
2022-10-07,65194.92,-0.02411454,-0.15978977,-0.16872668,3639.6599,-0.24119372547839013
2022-10-10,64677.22,-0.0079407,-0.16646163,-0.17532757,3612.3899,-0.24687904984240683
2022-10-11,64383.91,-0.004535,-0.17024173,-0.17906746,3588.8401,-0.2517887767110434
2022-10-12,64438.02,0.00084035,-0.16954445,-0.17837759,3577.03,-0.2542509787378666
2022-10-13,66248.14,0.0280909,-0.1462162,-0.15529748,3669.9099,-0.23488712254434163
2022-10-14,65066.93,-0.01783009,-0.16143925,-0.1703586,3583.0701,-0.25299172213019905
2022-10-17,66601.3,0.02358141,-0.1416648,-0.15079449,3677.95,-0.23321090045343118
2022-10-18,67243.83,0.00964747,-0.13338404,-0.1426018,3719.98,-0.2244483708230821
2022-10-19,67117.97,-0.00187176,-0.13500614,-0.14420665,3695.1599,-0.22962293331840034
2022-10-20,66880.01,-0.00354535,-0.13807285,-0.14724074,3665.78,-0.235748135418964
2022-10-21,68757.6,0.02807398,-0.11387512,-0.1233004,3752.75,-0.21761639138014754
2022-10-24,69589.77,0.01210291,-0.10315043,-0.11268978,3797.3401,-0.20832012508297348
2022-10-25,70274.64,0.00984154,-0.09432405,-0.10395728,3859.1101,-0.19544214613301725
2022-10-26,69748.28,-0.00749001,-0.10110757,-0.11066865,3830.6001,-0.2013859890966444
2022-10-27,69606.23,-0.00203652,-0.10293818,-0.11247978,3807.3,-0.2062436578246981
2022-10-28,71498.79,0.02718941,-0.0785476,-0.08834863,3901.0601,-0.1866962951219978
2022-10-31,70952.4,-0.00764184,-0.08558919,-0.09531533,3871.98,-0.19275899409662345
2022-11-01,70628.2,-0.0045693,-0.08976741,-0.09944911,3856.1001,-0.19606967918529772
2022-11-02,69120.75,-0.02134343,-0.1091949,-0.11866995,3759.6899,-0.21616954200156901
2022-11-03,68532.92,-0.00850437,-0.11677063,-0.12616511,3719.8899,-0.2244671551181021
2022-11-04,69540.42,0.0147009,-0.10378637,-0.11331895,3770.55,-0.21390539857928592
2022-11-07,70270.68,0.01050124,-0.09437502,-0.1040077,3806.8,-0.20634789919550878
2022-11-08,70603.45,0.00473558,-0.09008636,-0.09976466,3828.1101,-0.2019051111232818
2022-11-09,69100.1,-0.02129287,-0.10946103,-0.11893326,3748.5701,-0.218487828391851
2022-11-10,72206.22,0.044951,-0.06943041,-0.07932842,3956.3701,-0.17516511468291618
2022-11-11,72728.4,0.00723183,-0.06270069,-0.07267028,3992.9299,-0.16754302734578463
2022-11-14,72509.8,-0.00300572,-0.06551796,-0.07545758,3957.25,-0.1749816707185634
2022-11-15,72664.92,0.00213923,-0.06351889,-0.07347977,3991.73,-0.16779318578745628
2022-11-16,72465.87,-0.00273929,-0.06608418,-0.07601778,3958.79,-0.17466060729646649
2022-11-17,72515.33,0.00068258,-0.0654467,-0.07538708,3946.5601,-0.17721033037822242
2022-11-18,72747.43,0.00320061,-0.06245556,-0.07242776,3965.3401,-0.17329502449057188
2022-11-21,72416.35,-0.00455109,-0.06672241,-0.07664922,3949.9399,-0.17650570040809033
2022-11-22,73457.84,0.01438202,-0.0533,-0.06336958,4003.5801,-0.165322644450968
2022-11-23,73771.74,0.00427323,-0.04925453,-0.05936714,4027.26,-0.16038579397764652
2022-11-25,73756.33,-0.00020894,-0.04945318,-0.05956368,4026.1201,-0.16062344345482082
2022-11-28,72755.42,-0.0135704,-0.06235248,-0.07232578,3963.9399,-0.17358694202539027
2022-11-29,72541.86,-0.00293535,-0.0651048,-0.07504882,3957.6299,-0.17490246812502153
2022-11-30,74547.19,0.02764376,-0.03926079,-0.0494797,4080.1101,-0.1493674602346794
2022-12-01,74349.55,-0.00265119,-0.04180789,-0.05199971,4076.5701,-0.1501054891400193
2022-12-02,74281.44,-0.00091617,-0.04268576,-0.05286824,4071.7,-0.1511208209399899
2022-12-05,73182.42,-0.01479534,-0.05684955,-0.06688137,3998.8401,-0.16631085264625367
2022-12-06,72052.29,-0.01544259,-0.07141423,-0.08129114,3941.26,-0.1783153097570902
2022-12-07,71994.26,-0.00080538,-0.07216209,-0.08203105,3933.9199,-0.1798455939288658
2022-12-08,72588.37,0.00825223,-0.06450537,-0.07445576,3963.51,-0.17367656875601323
2022-12-09,72013.48,-0.00791986,-0.07191436,-0.08178594,3934.3799,-0.17974969186771994
2022-12-12,73209.17,0.0166037,-0.0565047,-0.06654019,3990.5601,-0.16803708974687914
2022-12-13,73749.33,0.00737819,-0.04954341,-0.05965295,4019.6499,-0.1619723684896599
2022-12-14,73548.99,-0.00271646,-0.05212529,-0.06220736,3995.3201,-0.16704471189676118
2022-12-15,71825.44,-0.02343404,-0.07433782,-0.08418363,3895.75,-0.18780335932828185
2022-12-16,71108.58,-0.0099805,-0.0835764,-0.09332394,3852.3601,-0.19684940463896194
2022-12-19,70729.44,-0.00533192,-0.0884627,-0.09815827,3817.6599,-0.20408379746977412
2022-12-20,70996.02,0.00376902,-0.08502709,-0.09475921,3821.6201,-0.20325816411640496
2022-12-21,72009.55,0.01427594,-0.07196499,-0.08183604,3878.4399,-0.19141221643402317
2022-12-22,71032.35,-0.01357044,-0.08455884,-0.09429593,3822.3899,-0.2030976741019047
2022-12-23,71571.29,0.00758722,-0.07761318,-0.08742416,3844.8201,-0.19842136451078762
2022-12-27,71450.56,-0.00168685,-0.07916911,-0.08896354,3829.25,-0.2016674616461075
2022-12-28,70647.81,-0.01123501,-0.08951465,-0.09919904,3783.22,-0.21126392224294244
2022-12-29,71571.09,0.01306877,-0.07761573,-0.08742668,3849.28,-0.19749155233143012
2022-12-30,71517.45,-0.00074952,-0.07830708,-0.08811067,3839.5,-0.1995305135444878
2023-01-03,71012.96,-0.00705407,-0.08480876,-0.0945432,3824.1399,-0.20273282930406722
2023-01-04,70735.96,-0.00390077,-0.08837871,-0.09807517,3852.97,-0.19672225101484708
2023-01-05,69990.15,-0.01054347,-0.09799036,-0.10758459,3808.1001,-0.20607685078312676
2023-01-06,71379.8,0.01985491,-0.08008104,-0.08986577,3895.0801,-0.18794302191689405
2023-01-09,70962.0,-0.00585317,-0.08546548,-0.09519294,3892.0901,-0.18856638531434222
2023-01-10,71267.77,0.00430883,-0.08152491,-0.09129427,3919.25,-0.18290401490017805
2023-01-11,72032.94,0.01073657,-0.07166363,-0.08153789,3969.6101,-0.17240480318384832
2023-01-12,72370.11,0.0046808,-0.06731828,-0.07723875,3983.1699,-0.1695778189040099
2023-01-13,72724.74,0.00490027,-0.06274789,-0.07271698,3999.0901,-0.16625873196084828
2023-01-17,72183.22,-0.00744617,-0.06972683,-0.07962169,3990.97,-0.1679516326710886
2023-01-18,70868.15,-0.01821851,-0.08667502,-0.09638961,3928.8601,-0.1809004749049219
2023-01-19,70538.08,-0.00465752,-0.09092885,-0.1005982,3898.8501,-0.18715704198098126
2023-01-20,71466.48,0.01316163,-0.078964,-0.0887606,3972.6101,-0.171779354958984
2023-01-23,71876.62,0.00573898,-0.07367819,-0.08353101,4019.8101,-0.16193896955445208
2023-01-24,72119.48,0.0033788,-0.07054833,-0.08043445,4016.95,-0.16253525104376365
2023-01-25,72115.68,-5.263e-05,-0.07059724,-0.08048284,4016.22,-0.1626874434451473
2023-01-26,73005.43,0.01233783,-0.05913043,-0.06913799,4060.4299,-0.15347044228633755
2023-01-27,72950.84,-0.00074784,-0.05983405,-0.06983413,4070.5601,-0.1513584704171641
2023-01-30,71963.66,-0.01353206,-0.07255643,-0.08242119,4017.77,-0.162364295195634
2023-01-31,72793.56,0.01153224,-0.06186093,-0.07183945,4076.6001,-0.15009923465777064
2023-02-01,72996.39,0.00278628,-0.05924701,-0.06925334,4119.21,-0.14121580588555527
2023-02-02,73486.94,0.00672017,-0.05292499,-0.06299856,4179.7598,-0.12859221757692563
2023-02-03,73087.49,-0.00543558,-0.05807289,-0.06809171,4136.48,-0.1376153089377532
2023-02-06,72856.96,-0.00315425,-0.06104396,-0.07103118,4111.0801,-0.1429107497266634
2023-02-07,73786.09,0.01275282,-0.04906963,-0.05918421,4164.0,-0.13187786388833111
2023-02-08,73136.88,-0.00879851,-0.0574364,-0.06746198,4117.8599,-0.14149727843501836
2023-02-09,72450.9,-0.00937939,-0.06627707,-0.07620862,4081.5,-0.1490776900720997
2023-02-10,72922.46,0.00650872,-0.06019973,-0.07019592,4090.46,-0.14720968470717166
2023-02-13,73699.61,0.01065716,-0.05018413,-0.06028685,4137.29,-0.1374464379170397
2023-02-14,73437.72,-0.00355347,-0.05355927,-0.06362609,4136.1299,-0.13768829874559474
2023-02-15,73451.4,0.00018625,-0.053383,-0.06345169,4147.6001,-0.13529696000264857
2023-02-16,72520.98,-0.0126671,-0.06537389,-0.07531505,4090.4099,-0.14722012969252685
2023-02-17,72403.39,-0.00162148,-0.06688937,-0.07681441,4079.0901,-0.14958011263113324
2023-02-21,71192.64,-0.01672232,-0.08249315,-0.09225222,3997.3401,-0.1666235767586859
2023-02-22,71024.0,-0.00236878,-0.08466653,-0.09440248,3991.05,-0.16793495405175884
2023-02-23,71409.76,0.00543146,-0.07969493,-0.08948376,4012.3201,-0.16350050528919668
2023-02-24,70726.01,-0.00957499,-0.08850684,-0.09820194,3970.04,-0.17231517645322525
2023-02-27,70868.52,0.0020149,-0.08667027,-0.09638491,3982.24,-0.16977168700544376
2023-02-28,70395.41,-0.00667582,-0.0927675,-0.10241728,3970.1499,-0.17229226419992105
2023-03-01,70171.28,-0.00318395,-0.09565608,-0.10527514,3951.3899,-0.1762034004327392
2023-03-02,70737.96,0.00807573,-0.08835284,-0.09804958,3981.3501,-0.16995721579721257
2023-03-03,71854.43,0.01578315,-0.07396418,-0.08381396,4045.6399,-0.1565539020349187
2023-03-06,72258.64,0.00562539,-0.06875486,-0.07866006,4048.4199,-0.1559743200132111
2023-03-07,71120.03,-0.01575738,-0.08342885,-0.09317796,3986.3701,-0.16891063243427296
2023-03-08,71083.58,-0.00051261,-0.08389869,-0.09364281,3992.01,-0.16773481061980222
2023-03-09,69974.03,-0.01560908,-0.09819819,-0.10779021,3918.3201,-0.1830978830016119
2023-03-10,69242.07,-0.0104604,-0.1076314,-0.11712308,3861.5901,-0.1949251089337961
2023-03-13,69421.49,0.00259112,-0.10531916,-0.11483544,3855.76,-0.19614058416572322
2023-03-14,70337.21,0.01319075,-0.09351765,-0.10315946,3919.29,-0.18289567559051323
2023-03-15,69780.23,-0.00791869,-0.1006958,-0.11026126,3891.9299,-0.18859978424954993
2023-03-16,70783.91,0.01438353,-0.08776063,-0.09746367,3960.28,-0.17434996801145042
2023-03-17,70174.69,-0.00860682,-0.09561212,-0.10523164,3916.6399,-0.18344817570408423
2023-03-20,70850.74,0.00963383,-0.0868994,-0.0966116,3951.5701,-0.17616583184269907
2023-03-21,71759.78,0.01283035,-0.075184,-0.08502081,4002.8701,-0.16547066719751924
2023-03-22,70850.95,-0.01266496,-0.08689676,-0.09660899,3936.97,-0.17920970071864628
2023-03-23,71028.37,0.0025042,-0.08461017,-0.09434672,3948.72,-0.17676002850459438
2023-03-24,71362.7,0.00470701,-0.08030142,-0.0900838,3970.99,-0.1721171178486849
2023-03-27,71458.45,0.00134175,-0.07906741,-0.08886291,3977.53,-0.17075364071848065
2023-03-28,71306.5,-0.00212652,-0.08102579,-0.09080046,3971.27,-0.17205874268103083
2023-03-29,72074.59,0.01077176,-0.07112682,-0.08100678,4027.8101,-0.16027110762148056
2023-03-30,72436.44,0.00502051,-0.0664634,-0.07639296,4050.8301,-0.155471834909355
2023-03-31,73277.81,0.01161524,-0.05562015,-0.06566505,4109.3101,-0.1432797641793334
2023-04-03,74201.85,0.01261008,-0.04371144,-0.05388301,4124.5098,-0.14011088905151003
2023-04-04,73827.75,-0.0050417,-0.04853276,-0.05865305,4100.6001,-0.14509564885885617
2023-04-05,74073.14,0.00332388,-0.0453702,-0.05552413,4090.3799,-0.14722638417477552
2023-04-06,74313.08,0.00323928,-0.04227789,-0.0524647,4105.02,-0.14417417598916338
2023-04-10,74214.55,-0.00132588,-0.04354771,-0.05372102,4109.1099,-0.14332150242420594
2023-04-11,74121.11,-0.00125913,-0.044752,-0.0549125,4108.9399,-0.14335694449028158
2023-04-12,74029.59,-0.0012347,-0.04593144,-0.0560794,4091.95,-0.1468990454221557
2023-04-13,75154.53,0.0151958,-0.03143361,-0.04173577,4146.2202,-0.135584645337812
2023-04-14,75248.48,0.00125003,-0.03022287,-0.04053791,4137.6401,-0.13737344810919816
2023-04-17,75291.87,0.0005767,-0.0296636,-0.03998459,4151.3198,-0.13452146674863918
2023-04-18,75187.2,-0.00139022,-0.03101258,-0.04131922,4154.8701,-0.1337812904710607
2023-04-19,75151.84,-0.00047034,-0.03146833,-0.04177013,4154.52,-0.13385428027890223
2023-04-20,75004.94,-0.00195467,-0.03336149,-0.04364315,4129.79,-0.13901005847920045
2023-04-21,75168.7,0.0021834,-0.03125093,-0.04155504,4133.52,-0.13823241785295248
2023-04-24,75331.76,0.00216915,-0.02914957,-0.03947602,4137.04,-0.1374985586024451
2023-04-25,74509.27,-0.0109182,-0.0397495,-0.04996321,4071.6299,-0.1511354355801775
2023-04-26,74489.27,-0.00026845,-0.04000728,-0.05021825,4055.99,-0.15439608481086264
2023-04-27,75762.92,0.01709842,-0.02359293,-0.03397849,4135.3501,-0.13785087358751125
2023-04-28,76181.66,0.00552704,-0.01819628,-0.02863924,4169.48,-0.13073537846424566
2023-05-01,76011.17,-0.00223801,-0.02039356,-0.03081315,4167.8701,-0.13107101482998196
2023-05-02,75235.8,-0.01020063,-0.03038616,-0.04069947,4119.5801,-0.1411386464228812
2023-05-03,74636.51,-0.00796559,-0.03810971,-0.04834086,4090.75,-0.14714922471210146
2023-05-04,74131.68,-0.00676383,-0.04461577,-0.05477772,4061.22,-0.15330572007218257
2023-05-05,75502.81,0.0184959,-0.02694508,-0.03729499,4136.25,-0.13766325996832596
2023-05-08,75474.43,-0.00037587,-0.02731082,-0.03765684,4138.1201,-0.13727337639321968
2023-05-09,75118.1,-0.00472122,-0.0319031,-0.04220027,4119.1699,-0.1412241660434943
2023-05-10,75405.84,0.00383046,-0.02819485,-0.03853146,4137.6401,-0.13737344810919816
2023-05-11,75254.59,-0.00200579,-0.03014409,-0.04045997,4130.6201,-0.13883699695538054
2023-05-12,75139.01,-0.00153582,-0.03163361,-0.04193365,4124.0801,-0.14020047408558467
2023-05-15,75207.34,0.00090937,-0.030753,-0.04106241,4136.2798,-0.1376570471826256
2023-05-16,74905.78,-0.00400979,-0.03463948,-0.04490754,4109.8999,-0.14315680105832496
2023-05-17,75699.61,0.0105978,-0.02440878,-0.03478566,4158.77,-0.13296822862701108
2023-05-18,76102.06,0.00531645,-0.0192221,-0.02965415,4198.0498,-0.12477906823266949
2023-05-19,76080.26,-0.00028658,-0.01950317,-0.02993223,4191.98,-0.1260445167777633
2023-05-22,75832.26,-0.0032597,-0.0226993,-0.03309436,4192.6299,-0.1259090238439835
2023-05-23,75302.14,-0.00699069,-0.0295313,-0.03985369,4145.5801,-0.13571809514072375
2023-05-24,74952.11,-0.00464829,-0.03404232,-0.04431674,4115.2402,-0.14204344067324404
2023-05-25,75356.58,0.00539639,-0.02882964,-0.03915949,4151.2798,-0.134529806058304
2023-05-26,76072.77,0.00950399,-0.01959964,-0.03002768,4205.4502,-0.12323621255157413
2023-05-30,75900.83,-0.00226018,-0.02181553,-0.03222,4205.52,-0.12322166045620886
2023-05-31,75467.98,-0.0057029,-0.02739401,-0.03773914,4179.8301,-0.1285775612401895
2023-06-01,76282.76,0.01079645,-0.01689333,-0.02735015,4221.02,-0.11999017796107658
2023-06-02,77560.88,0.01675506,-0.00042132,-0.01105334,4282.3701,-0.10719974091432727
2023-06-05,77345.85,-0.00277242,-0.00319257,-0.01379512,4273.79,-0.10898854368571342
2023-06-06,77325.36,-0.00026489,-0.00345662,-0.01405636,4283.8501,-0.10689118645672757
2023-06-07,77093.01,-0.00300486,-0.00645109,-0.01701898,4267.52,-0.11029573047567975
2023-06-08,77539.92,0.00579697,-0.00069153,-0.01132068,4293.9302,-0.10478965957290931
2023-06-09,77591.49,0.00066508,-2.69e-05,-0.01066312,4298.8599,-0.10376190220153803
2023-06-12,78079.17,0.00628529,0.00625822,-0.00444485,4338.9302,-0.09540793619994459
2023-06-13,78455.75,0.004823,0.0111114,0.0,4369.0098,-0.08913685872506838
2023-06-14,78192.89,-0.00335038,0.0077238,-0.00335038,4372.5898,-0.08839049051006365
2023-06-15,79269.61,0.01377002,0.02160017,0.0,4425.8398,-0.07728878451872212
2023-06-16,78929.63,-0.00428891,0.01721862,-0.00428891,4409.5898,-0.08067662907007045
2023-06-20,78404.75,-0.00665002,0.01045409,-0.01091041,4388.71,-0.0850297070185777
2023-06-21,78254.24,-0.00191965,0.00851437,-0.01280912,4365.6899,-0.08982900057897725
2023-06-22,78634.49,0.00485923,0.01341498,-0.00801213,4381.8901,-0.08645153846816178
2023-06-23,78080.58,-0.00704413,0.00627635,-0.01499982,4348.3301,-0.09344821927697722
2023-06-26,77596.9,-0.00619459,4.288e-05,-0.02110149,4328.8198,-0.09751578011083395
2023-06-27,78155.45,0.00719806,0.00724125,-0.01405532,4378.4102,-0.08717703756073014
2023-06-28,78175.87,0.00026128,0.00750442,-0.01379772,4376.8599,-0.08750024835506587
2023-06-29,78640.28,0.00594054,0.01348954,-0.00793914,4396.4399,-0.08341815627411808
2023-06-30,79636.06,0.01266254,0.02632289,0.0,4450.3799,-0.07217259719105773
2023-07-03,79566.24,-0.00087681,0.025423,-0.00087681,4455.5898,-0.07108642295548429
2023-07-05,79299.33,-0.00335459,0.02198313,-0.00422846,4446.8198,-0.07291481659950416
2023-07-06,78697.35,-0.00759124,0.01422501,-0.0117876,4411.5898,-0.08025966358682757
2023-07-07,78333.83,-0.0046192,0.0095401,-0.01635235,4398.9502,-0.08289480204782584
2023-07-10,78220.66,-0.00144468,0.00808164,-0.0177734,4409.5298,-0.08068913803456756
2023-07-11,78625.94,0.0051812,0.01330471,-0.0126843,4439.2598,-0.07449094612616236
2023-07-12,79110.63,0.00616451,0.01955123,-0.00659798,4472.1602,-0.06763178053372032
2023-07-13,79578.84,0.00591848,0.02558543,-0.00071855,4510.04,-0.05973449597764857
2023-07-14,79783.36,0.00256995,0.02822114,0.0,4505.4199,-0.06069770709221378
2023-07-17,80106.81,0.0040542,0.03238975,0.0,4522.79,-0.05707634102197523
2023-07-18,80752.58,0.00806131,0.04071217,0.0,4554.98,-0.0503652815691813
2023-07-19,80926.87,0.00215828,0.04295832,0.0,4565.7202,-0.04812613522761866
2023-07-20,81030.66,0.00128252,0.04429593,0.0,4534.8701,-0.05455784865491409
2023-07-21,81070.22,0.00048831,0.04480587,0.0,4536.3398,-0.054251441569553194
2023-07-24,81618.03,0.00675713,0.05186576,0.0,4554.6401,-0.05043614485305836
2023-07-25,81863.11,0.00300279,0.05502428,0.0,4567.46,-0.04776341695374564
2023-07-26,81579.42,-0.00346541,0.05136819,-0.00346541,4566.75,-0.047911439700296876
2023-07-27,80815.66,-0.0093622,0.04152507,-0.01279517,4537.4102,-0.054028281642921394
2023-07-28,81519.07,0.00870393,0.05059044,-0.0042026,4582.23,-0.04468412685999701
2023-07-31,81691.56,0.00211595,0.05281344,-0.00209554,4588.96,-0.04328103800888472
2023-08-01,81863.63,0.00210634,0.05503102,0.0,4576.73,-0.04583078193891499
2023-08-02,80936.47,-0.01132571,0.04308205,-0.01132571,4513.3901,-0.05903605794494271
2023-08-03,80904.03,-0.00040078,0.042664,-0.01172196,4501.8901,-0.061433609473589224
2023-08-04,80478.66,-0.00525766,0.03718203,-0.01691798,4478.0298,-0.06640807023349915
2023-08-07,81242.68,0.00949344,0.04702846,-0.00758515,4518.4399,-0.05798326179630264
2023-08-08,80894.02,-0.00429165,0.04253497,-0.01184425,4499.3799,-0.061956942851607355
2023-08-09,80471.46,-0.00522359,0.03708919,-0.01700598,4467.71,-0.0685595704304841
2023-08-10,80454.9,-0.00020584,0.03687572,-0.01720831,4468.8301,-0.06832604891159388
2023-08-11,80741.14,0.00355786,0.04056478,-0.01371168,4464.0498,-0.06932265896136691
2023-08-14,81089.92,0.00431967,0.04505967,-0.00945124,4489.7202,-0.06397082359084794
2023-08-15,80034.65,-0.01301357,0.03145971,-0.02234182,4437.8599,-0.07478280111615809
2023-08-16,79540.12,-0.00617894,0.02508638,-0.02838271,4404.3301,-0.08177318574617665
2023-08-17,79352.9,-0.00235379,0.02267355,-0.03066969,4370.3599,-0.08885538617560518
2023-08-18,79408.97,0.00070668,0.02339625,-0.02998469,4369.71,-0.08899087910938497
2023-08-21,79572.66,0.00206125,0.02550572,-0.02798525,4399.77,-0.08272388789624452
2023-08-22,79274.26,-0.00374997,0.0216601,-0.03163027,4387.5498,-0.08527158869540696
2023-08-23,79895.69,0.00783894,0.02966884,-0.02403928,4436.0098,-0.07516851503643207
2023-08-24,78991.78,-0.01131363,0.01801955,-0.03508093,4376.3101,-0.0876148721664094
2023-08-25,79595.92,0.00764818,0.02580554,-0.02770106,4405.71,-0.08148550041101321
2023-08-28,79916.94,0.00403315,0.02994278,-0.02377963,4433.3101,-0.0757313558939875
2023-08-29,80739.96,0.01029837,0.0405495,-0.01372616,4497.6299,-0.06232178764944485
2023-08-30,81017.23,0.00343417,0.04412292,-0.01033913,4514.8701,-0.0587275034873429
2023-08-31,80753.18,-0.00325921,0.04071991,-0.01356464,4507.6602,-0.06023064320615923
2023-09-01,81118.99,0.00453,0.04543437,-0.00909609,4515.77,-0.05853988986815761
2023-09-05,80946.14,-0.00213077,0.04320679,-0.01120748,4496.8301,-0.062488532146193654
2023-09-06,80268.27,-0.00837438,0.03447057,-0.01948801,4465.48,-0.06902448694429997
2023-09-07,80084.11,-0.00229437,0.03209711,-0.02173767,4451.1401,-0.0720141086108772
2023-09-08,80374.93,0.00363146,0.03584513,-0.01818515,4457.4902,-0.0706902223533068
2023-09-11,80734.3,0.0044712,0.0404766,-0.01379526,4487.46,-0.06444203628346068
2023-09-12,80609.78,-0.00154234,0.03887183,-0.01531632,4461.8999,-0.0697708760075787
2023-09-13,80800.69,0.00236834,0.04133224,-0.01298425,4467.4399,-0.06861588161899601
2023-09-14,81396.99,0.0073799,0.04901716,-0.00570017,4505.1001,-0.06076437987298444
2023-09-15,80565.29,-0.01021791,0.0382984,-0.01585985,4450.3198,-0.07218512700382917
2023-09-18,80938.64,0.00463417,0.04311005,-0.01129917,4453.5298,-0.07151589740322428
2023-09-19,80781.79,-0.00193784,0.04108867,-0.01321512,4443.9502,-0.07351307867486112
2023-09-20,80054.37,-0.00900477,0.0317139,-0.02210089,4402.2002,-0.08221723313755613
2023-09-21,79044.15,-0.01261918,0.01869452,-0.03444117,4330.0,-0.09726972877917228
2023-09-22,78897.87,-0.00185066,0.01680926,-0.0362281,4320.0601,-0.09934202638261536
2023-09-25,79245.55,0.0044068,0.02129013,-0.03198095,4337.4399,-0.09571863802978298
2023-09-26,78113.75,-0.01428219,0.00670387,-0.04580638,4273.5298,-0.10904279089508317
2023-09-27,78162.64,0.00062581,0.00733388,-0.04520923,4274.5098,-0.10883847780829425
2023-09-28,78370.26,0.00265634,0.0100097,-0.04267299,4299.7002,-0.10358671415375353
2023-09-29,78068.49,-0.00385057,0.00612058,-0.04635924,4288.0498,-0.10601562148674004
2023-10-02,78386.02,0.00406725,0.01021273,-0.04248055,4288.3901,-0.10594467480976633
2023-10-03,77477.84,-0.01158596,-0.00149156,-0.05357433,4229.4502,-0.11823262675265955
2023-10-04,77640.31,0.00209695,0.00060227,-0.05158972,4263.75,-0.11108171041159265
2023-10-05,77497.48,-0.00183957,-0.00123841,-0.05333439,4258.1899,-0.11224089530328196
2023-10-06,78297.48,0.01032287,0.00907168,-0.04356208,4308.5,-0.1017521077240332
2023-10-09,78797.37,0.00638451,0.01551411,-0.03745569,4335.6602,-0.0960896747650466
2023-10-10,78984.42,0.00237382,0.01792476,-0.03517078,4358.2402,-0.0913821344592346
2023-10-11,78878.55,-0.00134043,0.0165603,-0.03646407,4376.9502,-0.08748142236349743
2023-10-12,78681.81,-0.00249425,0.01402474,-0.03886737,4349.6099,-0.09318140306425005
2023-10-13,78685.55,4.758e-05,0.01407299,-0.03882164,4327.7798,-0.09773260216212021
2023-10-16,79382.38,0.00885591,0.02305353,-0.03030953,4373.6299,-0.08817364761050317
2023-10-17,79214.41,-0.00211599,0.02088876,-0.03236139,4373.2002,-0.0882632326445778
2023-10-18,78413.13,-0.0101153,0.01056216,-0.04214934,4314.6001,-0.10048034215186841
2023-10-19,78096.05,-0.00404375,0.0064757,-0.04602265,4278.0,-0.10811083134348709
2023-10-20,77330.47,-0.00980299,-0.00339077,-0.05537448,4224.1602,-0.11933550045583696
2023-10-23,77102.11,-0.00295314,-0.00633389,-0.05816409,4217.04,-0.12081993927273005
2023-10-24,77440.24,0.00438557,-0.0019761,-0.0540336,4247.6802,-0.11443198637290086
2023-10-25,77051.53,-0.00501951,-0.00698569,-0.05878189,4186.77,-0.12713071186161085
2023-10-26,75929.52,-0.0145618,-0.02144577,-0.07248772,4137.23,-0.13745894688153704
2023-10-27,75307.0,-0.0081987,-0.02946864,-0.08009212,4117.3701,-0.14159939328186455
2023-10-30,76554.88,0.01657061,-0.01338635,-0.06484868,4166.8198,-0.1312899842535069
2023-10-31,76708.89,0.00201177,-0.01140151,-0.06296738,4193.7998,-0.12566511988456064
2023-11-01,77455.16,0.00972857,-0.00178386,-0.05385139,4237.8599,-0.11647934944044569
2023-11-02,78670.24,0.01568758,0.01387574,-0.0390086,4317.7798,-0.09981742957833462
2023-11-03,79042.19,0.00472789,0.01866923,-0.03446515,4358.3398,-0.0913613695781692
2023-11-06,79211.19,0.00213815,0.02084729,-0.03240069,4365.98,-0.08976851973563305
2023-11-07,79415.27,0.00257644,0.02347744,-0.02990773,4378.3799,-0.08718335458780135
2023-11-08,79360.2,-0.00069344,0.02276772,-0.03058043,4382.7798,-0.08626605137294108
2023-11-09,78971.64,-0.00489617,0.01776008,-0.03532687,4347.3501,-0.09365253236376625
2023-11-10,80062.57,0.01381411,0.03181953,-0.02200077,4415.2402,-0.07949861818681259
2023-11-13,79974.56,-0.00109923,0.03068532,-0.02307582,4411.5498,-0.08026800289649239
2023-11-14,80848.5,0.01092779,0.04194843,-0.0124002,4495.7002,-0.06272409679595159
2023-11-15,80961.22,0.00139416,0.04340107,-0.01102333,4502.8799,-0.06122725325593226
2023-11-16,81320.59,0.00443882,0.04803255,-0.00663343,4508.2402,-0.06010972321601882
2023-11-17,81382.16,0.00075715,0.04882606,-0.00588131,4514.02,-0.05890473466599522
2023-11-20,81801.01,0.0051467,0.05422405,-0.00076488,4547.3799,-0.05194977125377831
2023-11-21,81636.26,-0.00201411,0.05210073,-0.00277745,4538.1899,-0.053865727649279216
2023-11-22,82021.85,0.00472324,0.05707006,0.0,4556.6201,-0.05002334902464778
2023-11-24,82102.09,0.00097836,0.05810426,0.0,4559.3398,-0.049456338512260056
2023-11-27,81969.62,-0.00161349,0.05639702,-0.00161349,4550.4302,-0.051313836347010366
2023-11-28,82106.19,0.00166604,0.05815702,0.0,4554.8901,-0.050384024167652974
2023-11-29,81828.69,-0.00337974,0.05458072,-0.00337974,4550.5801,-0.05128258478404124
2023-11-30,82338.38,0.00622881,0.0611495,0.0,4567.7998,-0.04769257451814268
2023-12-01,82420.81,0.00100102,0.06221174,0.0,4594.6299,-0.04209896171216532
2023-12-04,81989.92,-0.0052279,0.0566586,-0.0052279,4569.7798,-0.0472797786897321
2023-12-05,81985.8,-5.029e-05,0.05660546,-0.00527793,4567.1802,-0.04782175042485137
2023-12-06,81476.11,-0.00621674,0.05003682,-0.01146185,4549.3398,-0.051541165928474464
2023-12-07,81884.22,0.00500887,0.05529632,-0.00651039,4585.5898,-0.04398366654469732
2023-12-08,82165.74,0.00343813,0.05892457,-0.00309464,4604.3701,-0.04006829811222412
2023-12-11,82058.27,-0.00130805,0.05753945,-0.00439864,4622.4399,-0.036301056667673026
2023-12-12,82396.86,0.00412624,0.06190311,-0.00029055,4643.7002,-0.0318686510359788
2023-12-13,83030.54,0.00769065,0.07006983,0.0,4707.0898,-0.018653013437692545
2023-12-14,83030.09,-5.52e-06,0.07006393,-5.52e-06,4719.5498,-0.01605531847708941
2023-12-15,83097.12,0.00080734,0.07092783,0.0,4719.1899,-0.016130351415798883
2023-12-18,83512.01,0.00499284,0.07627481,0.0,4740.5601,-0.011675033530800571
2023-12-19,84026.04,0.00615514,0.08289943,0.0,4768.3701,-0.005877128486308281
2023-12-20,82982.45,-0.01241984,0.06944999,-0.01241984,4698.3501,-0.02047509005464143
2023-12-21,83552.99,0.00687545,0.07680294,-0.00562978,4746.75,-0.010384546208437984
2023-12-22,83631.89,0.00094429,0.07781975,-0.00469081,4754.6299,-0.00874172305273524
2023-12-26,83896.09,0.00315908,0.08122468,-0.00154654,4774.75,-0.004547029443037642
2023-12-27,83998.33,0.00121869,0.08254236,-0.00032974,4781.5801,-0.0031230714694890915
2023-12-28,84042.19,0.00052212,0.08310757,0.0,4783.3501,-0.002754057016819189
2023-12-29,83966.77,-0.00089744,0.08213554,-0.00089744,4769.8301,-0.005572743683540993
2024-01-02,83929.58,-0.00044285,0.08165632,-0.00133989,4742.8301,-0.011201777707319782
2024-01-03,83681.16,-0.0029599,0.07845473,-0.00429582,4704.8101,-0.01912829154376694
2024-01-04,83314.11,-0.00438632,0.07372429,-0.0086633,4688.6802,-0.022491097317846598
2024-01-05,83344.75,0.00036782,0.07411922,-0.00829867,4697.2402,-0.02070648504956696
2024-01-08,84200.03,0.01026194,0.08514176,0.0,4763.54,-0.00688412097661395
2024-01-09,84142.64,-0.00068165,0.08440208,-0.00068165,4756.5,-0.008351839477628964
2024-01-10,84536.86,0.0046852,0.08948272,0.0,4783.4502,-0.002733187894382816
2024-01-11,84446.63,-0.00106739,0.08831981,-0.00106739,4780.2402,-0.0034024174949875974
2024-01-12,84516.04,0.00082195,0.08921435,-0.00024632,4783.8301,-0.002653985300840822
2024-01-16,84016.08,-0.0059155,0.0827711,-0.00616037,4765.98,-0.006375423087057741
2024-01-17,83701.91,-0.00373943,0.07872215,-0.00987676,4739.21,-0.011956506080263551
2024-01-18,84300.48,0.00715123,0.08643634,-0.00279616,4780.9399,-0.0032565421206750544
2024-01-19,84988.85,0.00816561,0.09530776,0.0,4839.8101,0.00901687857512723
2024-01-22,85240.5,0.00296107,0.09855104,0.0,4850.4302,0.011230986139421084
2024-01-23,85683.86,0.00520124,0.10426487,0.0,4864.6001,0.014185165739922567
2024-01-24,85882.14,0.00231404,0.10682018,0.0,4868.5498,0.01500861002450482
2024-01-25,86515.62,0.00737616,0.11498427,0.0,4894.1602,0.02034793643052657
2024-01-26,86463.66,-0.00060057,0.11431464,-0.00060057,4890.9702,0.019682876484754086
2024-01-29,86982.92,0.00600551,0.12100667,0.0,4927.9302,0.027388398615082465
2024-01-30,87092.91,0.00126456,0.12242425,0.0,4924.9702,0.026771289699883072
2024-01-31,85782.85,-0.01504207,0.10554066,-0.01504207,4845.6499,0.010234376089648167
2024-02-01,86504.91,0.00841726,0.11484629,-0.00675142,4906.1899,0.022855921267409984
2024-02-02,87356.04,0.00983909,0.12581536,0.0,4958.6099,0.03378458658320582
2024-02-05,87175.84,-0.00206277,0.12349307,-0.00206277,4942.8101,0.030490600962135295
2024-02-06,87582.35,0.00466304,0.12873196,0.0,4954.23,0.032871453023177954
2024-02-07,88215.99,0.00723484,0.13689816,0.0,4995.0601,0.0413838242118556
2024-02-08,88048.93,-0.00189376,0.13474515,-0.00189376,4997.9102,0.0419780208737508
2024-02-09,88325.06,0.00313607,0.13830379,0.0,5026.6099,0.047961413013463794
2024-02-12,88288.83,-0.00041021,0.13783684,-0.00041021,5021.8398,0.04696692948765513
2024-02-13,87146.33,-0.01294049,0.12311267,-0.0133454,4953.1699,0.03265044046878507
2024-02-14,87513.22,0.00421002,0.127841,-0.00919156,5000.6201,0.04254298825527081
2024-02-15,88137.52,0.00713388,0.13588688,-0.00212325,5029.73,0.048611900015596676
2024-02-16,87886.3,-0.00285038,0.13264917,-0.00496758,5005.5698,0.04357491528147439
2024-02-20,87594.55,-0.00331962,0.12888921,-0.00827071,4975.5098,0.03730792406833383
2024-02-21,88053.7,0.00524179,0.1348066,-0.00307228,4981.7998,0.03861928051313268
2024-02-22,89550.72,0.01700119,0.15409967,0.0,5087.0298,0.06055791941395672
2024-02-23,89548.38,-2.613e-05,0.15406951,-2.613e-05,5088.7998,0.06092693386662673
2024-02-26,89012.63,-0.00598277,0.14716498,-0.00600875,5069.5298,0.05690947143558156
2024-02-27,88809.52,-0.0022818,0.14454738,-0.00827683,5078.1802,0.05871293054370352
2024-02-28,88764.88,-0.00050264,0.14397208,-0.00877532,5069.7598,0.05695742246615443
2024-02-29,88974.65,0.00236317,0.14667548,-0.00643289,5096.27,0.06248434164308736
2024-03-01,89144.58,0.00190986,0.14886547,-0.00453531,5137.0801,0.07099254317693227
2024-03-04,88624.21,-0.00583738,0.14215911,-0.01034621,5130.9502,0.0697145648190669
2024-03-05,87777.41,-0.00955495,0.13124584,-0.0198023,5078.6499,0.05881085488744331
2024-03-06,88036.42,0.0029508,0.13458392,-0.01690994,5104.7598,0.06425431842290474
2024-03-07,88640.67,0.00686361,0.14237126,-0.01016239,5157.3599,0.07522053148046681
2024-03-08,88503.32,-0.00154953,0.14060112,-0.01169617,5123.6899,0.06820091757007285
2024-03-11,88815.02,0.00352192,0.14461823,-0.00821544,5117.9399,0.0670021418057496
2024-03-12,89673.82,0.00966951,0.15568613,0.0,5175.27,0.07895447823118085
2024-03-13,89891.55,0.00242804,0.15849219,0.0,5165.3101,0.07687801097290525
2024-03-14,90154.53,0.00292553,0.16188139,0.0,5150.48,0.07378619106638529
2024-03-15,89711.04,-0.00491921,0.15616585,-0.00491921,5117.0898,0.06682491062709706
2024-03-18,90019.27,0.00343573,0.16013813,-0.00150038,5149.4199,0.0735651785119924
2024-03-19,90672.63,0.00725801,0.16855843,0.0,5178.5098,0.07962992061748597
2024-03-20,91340.08,0.00736111,0.17716032,0.0,5224.6201,0.08924312237847287
2024-03-21,91444.24,0.00114041,0.17850277,0.0,5241.5298,0.09276850299446893
2024-03-22,91204.28,-0.00262419,0.17541015,-0.00262419,5234.1802,0.09123623823664806
2024-03-25,90799.98,-0.00443286,0.17019971,-0.00704542,5218.1899,0.08790253665329884
2024-03-26,90726.4,-0.0008103,0.1692515,-0.00785002,5203.5801,0.08485664549475791
2024-03-27,91538.1,0.00894667,0.17971241,0.0,5248.4902,0.09421962626925096
2024-03-28,91662.38,0.00135758,0.18131397,0.0,5254.3501,0.09544131428687819
2024-04-01,91527.69,-0.00146936,0.17957819,-0.00146936,5243.77,0.09323554603224937
2024-04-02,91014.11,-0.00561115,0.1729594,-0.00707227,5205.8101,0.08532156200857366
2024-04-03,90895.11,-0.00130753,0.17142572,-0.00837055,5211.4902,0.08650576482925754
2024-04-04,89965.05,-0.0102322,0.15943946,-0.0185171,5147.21,0.07310445250128317
2024-04-05,90950.2,0.01095029,0.17213565,-0.00776958,5204.3398,0.08501502983356768
2024-04-08,90749.26,-0.0022093,0.16954605,-0.00996172,5202.3901,0.08460855103222831
2024-04-09,90928.31,0.00197298,0.17185354,-0.00800839,5209.9102,0.0861763620974958
2024-04-10,90351.1,-0.00634796,0.16441467,-0.01430551,5160.6401,0.07590439656953318
2024-04-11,90939.71,0.00651472,0.1720005,-0.00788399,5199.0601,0.08391430350262885
2024-04-12,89793.05,-0.01260899,0.15722276,-0.02039356,5123.4102,0.06814260494724134
2024-04-15,89061.6,-0.008146,0.14779603,-0.02837344,5061.8198,0.05530206949768024
2024-04-16,88758.38,-0.00340463,0.14388821,-0.03168146,5051.4102,0.053131847550497824
2024-04-17,88638.12,-0.00135491,0.14233835,-0.03299344,5022.21,0.047044109798603406
2024-04-18,88629.27,-9.983e-05,0.14222431,-0.03308998,5011.1201,0.04473205704229577
2024-04-19,88456.44,-0.00195001,0.13999696,-0.03497546,4967.23,0.03558172866425657
2024-04-22,89334.56,0.00992713,0.15131387,-0.02539553,5010.6001,0.044623646016652696
2024-04-23,90116.55,0.00875351,0.1613919,-0.01686432,5070.5498,0.05712212383203541
2024-04-24,90143.01,0.00029359,0.16173288,-0.01657568,5071.6299,0.057347306041260815
2024-04-25,89400.87,-0.00823292,0.15216843,-0.02467214,5048.4199,0.05250842160822722
2024-04-26,90228.74,0.0092602,0.16283773,-0.01564041,5099.96,0.06325364295967018
2024-04-29,90395.89,0.00185255,0.16499195,-0.01381683,5116.1699,0.06663312735307958
2024-04-30,88872.0,-0.01685792,0.14535261,-0.03044183,5035.6899,0.049854436307386285
2024-05-01,89233.46,0.00406712,0.1500109,-0.02649852,5018.3901,0.04624772657388365
2024-05-02,90093.71,0.00964044,0.16109751,-0.01711353,5064.2002,0.055798341815836094
2024-05-03,91144.35,0.01166162,0.17463779,-0.00565148,5127.79,0.06905571765899499
2024-05-06,91884.76,0.00812353,0.18417999,0.0,5180.7402,0.08009492052439837
2024-05-07,92040.61,0.00169616,0.18618855,0.0,5187.7002,0.08154596040608353
2024-05-08,92237.9,0.00214345,0.18873109,0.0,5187.6699,0.08153964337901254
2024-05-09,93003.12,0.00829625,0.1985931,0.0,5214.0801,0.0870457142817831
2024-05-10,93244.11,0.00259111,0.20169878,0.0,5222.6802,0.08883868670800155
2024-05-13,93392.73,0.00159393,0.2036142,0.0,5221.4199,0.08857593590873591
2024-05-14,93688.4,0.00316591,0.20742474,0.0,5246.6802,0.0938422725069159
2024-05-15,94582.75,0.00954598,0.21895079,0.0,5308.1499,0.10665764408956346
2024-05-16,94489.54,-0.00098553,0.21774948,-0.00098553,5297.1001,0.10435395149119464
2024-05-17,94773.16,0.00300162,0.22140469,0.0,5303.27,0.10564026915872504
2024-05-20,94517.39,-0.0026987,0.21810849,-0.0026987,5308.1299,0.10665347443473094
2024-05-21,94837.57,0.00338752,0.22223486,0.0,5321.4102,0.10942218778828616
2024-05-22,94560.34,-0.00292322,0.21866199,-0.00292322,5307.0098,0.10641995291584072
2024-05-23,93668.38,-0.00943277,0.20716664,-0.01232842,5267.8398,0.09825368392652889
2024-05-24,94011.42,0.00366233,0.21158768,-0.00871124,5304.7202,0.10594261083062428
2024-05-28,94001.78,-0.00010253,0.21146346,-0.00881287,5306.04,0.10621776635301616
2024-05-29,93362.44,-0.00680137,0.20322385,-0.0155543,5266.9502,0.09806821767958263
2024-05-30,92964.21,-0.00426548,0.19809152,-0.01975344,5235.48,0.09150722410420742
2024-05-31,93732.94,0.00826915,0.20799872,-0.01164763,5277.5098,0.10026971203800827
2024-06-03,93775.26,0.00045151,0.20854415,-0.01120138,5283.3999,0.10149769623443272
2024-06-04,94053.16,0.00296344,0.21212559,-0.00827114,5291.3398,0.10315302835463269
2024-06-05,94697.04,0.00684589,0.22042367,-0.00148187,5354.0298,0.11622281142688085
2024-06-06,94813.17,0.00122634,0.22192032,-0.00025735,5352.96,0.11599977658989413
2024-06-07,94744.55,-0.0007237,0.22103602,-0.00098086,5346.9902,0.11475517631896248
2024-06-10,94749.48,5.198e-05,0.22109948,-0.00092894,5360.79,0.1176321964567899
2024-06-11,95237.02,0.00514565,0.22738283,0.0,5375.3198,0.1206614089960012
2024-06-12,95520.63,0.00297796,0.23103793,0.0,5421.0298,0.13019115511551727
2024-06-13,95629.61,0.00114088,0.2324424,0.0,5433.7402,0.13284105415462233
2024-06-14,95568.09,-0.00064331,0.23164956,-0.00064331,5431.6001,0.13239488023927803
2024-06-17,96029.28,0.00482575,0.23759319,0.0,5473.23,0.1410739959247045
2024-06-18,96222.43,0.00201133,0.24008241,0.0,5487.0298,0.14395101606253213
2024-06-20,96360.16,0.00143134,0.24185739,0.0,5473.1699,0.14106146611193315
2024-06-21,96197.63,-0.00168668,0.23976277,-0.00168668,5464.6201,0.1392789803676182
2024-06-24,96455.96,0.00268541,0.24309204,0.0,5447.8701,0.135786894445459
2024-06-25,96593.02,0.00142103,0.24485852,0.0,5469.2998,0.14025461705358389
2024-06-26,96909.55,0.00327688,0.24893777,0.0,5477.8999,0.14204758947980256
2024-06-27,96854.88,-0.00056415,0.24823317,-0.00056415,5482.8701,0.1430837904022093
2024-06-28,96571.66,-0.00292414,0.24458316,-0.00348665,5460.48,0.13841584096903103
2024-07-01,97184.8,0.00634907,0.25248511,0.0,5475.0898,0.14146173212757196
2024-07-02,97739.13,0.00570389,0.25962915,0.0,5509.0098,0.1485334667233713
2024-07-03,97983.26,0.00249774,0.26277537,0.0,5537.02,0.15437311001273613
2024-07-05,98450.75,0.00477116,0.26880027,0.0,5567.1899,0.16066301347918066
2024-07-08,98356.61,-0.0009562,0.26758704,-0.0009562,5572.8501,0.16184306749330624
2024-07-09,98328.71,-0.00028371,0.26722741,-0.00123965,5576.98,0.16270408036792872
2024-07-10,99460.66,0.01151193,0.28181564,0.0,5633.9102,0.17457304454498557
2024-07-11,98484.62,-0.00981336,0.26923673,-0.00981336,5584.54,0.1642802098945868
2024-07-12,98971.65,0.00494527,0.27551345,-0.00491662,5615.3501,0.17070358401221752
2024-07-15,99769.1,0.00805736,0.28579071,0.0,5631.2202,0.17401222597002386
2024-07-16,100640.93,0.00873848,0.29702657,0.0,5667.2002,0.1815134350135632
2024-07-17,100594.19,-0.00046446,0.29642416,-0.00046446,5588.27,0.16505785052083488
2024-07-18,99567.43,-0.01020689,0.2831917,-0.01066661,5544.5898,0.15595128267026204
2024-07-19,98827.93,-0.00742715,0.27366124,-0.01801454,5505.0,0.14769749262601772
2024-07-22,99218.56,0.00395265,0.27869558,-0.01413309,5564.4102,0.1600834940022957
2024-07-23,99025.72,-0.00194366,0.27621022,-0.01604929,5555.7402,0.15827594863243766
2024-07-24,97455.25,-0.01585914,0.25597063,-0.0316539,5427.1299,0.13146292068768206
2024-07-25,97094.29,-0.0037039,0.25131864,-0.03524055,5399.2202,0.12564422991385005
2024-07-26,98203.98,0.01142901,0.26561997,-0.02421431,5459.1001,0.1381281556338676
2024-07-29,97953.97,-0.00254582,0.26239793,-0.02669848,5463.54,0.1390537981583928
2024-07-30,97933.52,-0.00020874,0.26213443,-0.02690164,5436.4399,0.13340389501217764
2024-07-31,98529.71,0.00608764,0.26981785,-0.02097777,5522.2998,0.15130420235952013
2024-08-01,97480.84,-0.01064515,0.25630044,-0.03139961,5446.6802,0.1355388208312036
2024-08-02,96364.9,-0.01144784,0.24191851,-0.042488,5346.5601,0.11466550789179109
2024-08-05,93424.55,-0.03051263,0.20402431,-0.07170421,5186.3301,0.08126031820178814
2024-08-06,93925.6,0.00536311,0.21048163,-0.06672565,5240.0298,0.09245577888203682
2024-08-07,93946.85,0.00022629,0.21075555,-0.06651446,5199.5,0.0840060150606683
2024-08-08,95383.12,0.01528804,0.22926564,-0.05224329,5319.3101,0.10898435318260691
2024-08-09,95740.14,0.00374304,0.23386683,-0.0486958,5344.1602,0.1141651701601738
2024-08-12,95734.5,-5.889e-05,0.23379417,-0.04875182,5344.3901,0.11421310034247245
2024-08-13,96767.89,0.0107943,0.24711211,-0.03848376,5434.4302,0.13298490724634093
2024-08-14,97264.15,0.0051284,0.2535078,-0.03355273,5455.21,0.13731713692068626
2024-08-15,98356.18,0.01122747,0.26758151,-0.02270197,5543.2202,0.1556657447073373
2024-08-16,98556.72,0.00203885,0.27016592,-0.02070941,5554.25,0.15796526765087338
2024-08-19,99178.98,0.00631373,0.27818541,-0.01452643,5608.25,0.16922333569843118
2024-08-20,99085.25,-0.00094507,0.27697743,-0.01545777,5597.1201,0.16690294363245872
2024-08-21,99130.81,0.00045986,0.27756467,-0.01500502,5620.8501,0.1718502390911354
2024-08-22,98532.79,-0.00603262,0.2698576,-0.02094712,5570.6401,0.161382320634323
2024-08-23,99525.12,0.01007104,0.28264638,-0.01108704,5634.6099,0.17471891991929822
2024-08-26,99666.75,0.00142304,0.28447164,-0.00967978,5616.8398,0.17101416075241094
2024-08-27,99766.72,0.00100311,0.2857601,-0.00868639,5625.7998,0.17288216611733898
2024-08-28,99296.49,-0.00471329,0.27969993,-0.01335874,5592.1802,0.16587305973712296
2024-08-29,99756.8,0.00463565,0.28563217,-0.00878502,5591.96,0.16582715183741792
2024-08-30,100579.98,0.00825187,0.29624104,-0.00060564,5648.3999,0.17759389692625782
2024-09-03,98861.81,-0.01708258,0.2740979,-0.01767787,5528.9302,0.15268652632956692
2024-09-04,98576.49,-0.00288604,0.27042081,-0.02051289,5520.0698,0.15083928584570439
2024-09-05,98155.28,-0.00427294,0.26499238,-0.02469818,5503.4102,0.14736604676338794
2024-09-06,96898.36,-0.01280549,0.24879354,-0.03718739,5408.4199,0.127562208591945
2024-09-09,98012.57,0.0114988,0.26315316,-0.0261162,5471.0498,0.14061946185142138
2024-09-10,97844.66,-0.0017132,0.26098912,-0.02778466,5495.52,0.1457210762354464
2024-09-11,98426.17,0.00594328,0.26848353,-0.02200652,5554.1299,0.1579402288736047
2024-09-12,98898.93,0.00480316,0.27457626,-0.01730906,5595.7598,0.16661934455903094
2024-09-13,99282.56,0.00387903,0.27952038,-0.01349717,5626.02,0.17292807401704424
2024-09-16,99525.72,0.00244917,0.28265415,-0.01108106,5633.0898,0.17440200530375938
2024-09-17,99788.28,0.0026381,0.28603792,-0.00847219,5634.5801,0.17471270713359788
2024-09-18,99561.64,-0.00227119,0.28311708,-0.01072414,5618.2598,0.1713102062455134
2024-09-19,100907.69,0.01351975,0.30046451,0.0,5713.6401,0.19119535268618848
2024-09-20,100689.69,-0.00216044,0.29765493,-0.00216044,5702.5498,0.18888321653678442
2024-09-23,100772.68,0.00082429,0.29872457,-0.00133794,5718.5698,0.19222311005756
2024-09-24,100781.33,8.577e-05,0.29883596,-0.00125228,5732.9302,0.1952170056203404
2024-09-25,100272.35,-0.00505028,0.29227648,-0.00629623,5722.2598,0.19299241137414302
2024-09-26,100529.0,0.00255952,0.2955841,-0.00375283,5745.3701,0.1978105100778369
2024-09-27,100745.45,0.00215305,0.29837355,-0.00160786,5738.1699,0.19630939264161418
2024-09-30,101176.85,0.00428207,0.30393328,0.0,5762.48,0.20137762893870548
2024-10-01,100367.29,-0.00800143,0.29349995,-0.00800143,5708.75,0.19017585123138558
2024-10-02,100383.6,0.00016251,0.29371015,-0.00784022,5709.54,0.19034055259726657
2024-10-03,100084.03,-0.00298418,0.28984949,-0.010801,5699.9399,0.18833909742942678
2024-10-04,100881.28,0.00796581,0.30012418,-0.00292124,5751.0698,0.19899879916025665
2024-10-07,99961.85,-0.00911406,0.28827477,-0.01200867,5695.9399,0.18750516646294102
2024-10-08,100407.24,0.00445559,0.2940148,-0.00760658,5751.1299,0.19901132897302798
2024-10-09,101451.17,0.01039698,0.30746866,0.0,5792.04,0.20754037878103526
2024-10-10,101507.67,0.00055694,0.30819683,0.0,5780.0498,0.2050406290124458
2024-10-11,102237.75,0.00719236,0.31760585,0.0,5815.0298,0.21233335531436381
2024-10-14,102836.85,0.00585983,0.3253268,0.0,5859.8501,0.22167761433865918
2024-10-15,102069.66,-0.00746026,0.31543952,-0.00746026,5815.2598,0.21238130634493668
2024-10-16,102614.45,0.00533745,0.32246062,-0.00216262,5842.4702,0.2180542051375527
2024-10-17,102688.79,0.00072444,0.32341867,-0.00143975,5841.4702,0.21784572239593114
2024-10-18,103074.75,0.00375855,0.3283928,0.0,5864.6699,0.22268245945672605
2024-10-21,102926.85,-0.00143486,0.32648674,-0.00143486,5853.98,0.22045379979706703
2024-10-22,103165.61,0.00231967,0.32956376,0.0,5851.2002,0.21987425947190786
2024-10-23,102249.0,-0.00888478,0.31775088,-0.00888478,5797.4199,0.20866199508268446
2024-10-24,101997.5,-0.00245974,0.31450956,-0.01132266,5809.8599,0.2112555203884552
2024-10-25,101843.57,-0.00150912,0.31252581,-0.01281469,5808.1201,0.21089280211458217
2024-10-28,102281.19,0.00429699,0.31816571,-0.00857277,5823.52,0.2141034154872783
2024-10-29,102041.97,-0.00233891,0.31508265,-0.01089162,5832.9199,0.21606313241024555
2024-10-30,101983.83,-0.00056974,0.31433339,-0.01145516,5813.6699,0.21204983963403268
2024-10-31,100206.46,-0.01742795,0.29142725,-0.02868347,5705.4502,0.18948789988058334
2024-11-01,100840.98,0.0063321,0.29960469,-0.022533,5728.7998,0.19435588850434704
2024-11-04,100329.83,-0.00506882,0.29301723,-0.02748761,5712.6899,0.1909972523851
2024-11-05,101298.3,0.0096528,0.30549847,-0.01810014,5782.7598,0.20560561724224002
2024-11-06,104719.11,0.03376969,0.34958475,0.0,5929.04,0.2361025143831723
2024-11-07,104907.23,0.00179649,0.35200927,0.0,5973.1001,0.24528828482728704
2024-11-08,104848.25,-0.00056229,0.35124905,-0.00056229,5995.54,0.24996661670099796
2024-11-11,104828.55,-0.00018785,0.35099522,-0.00075003,6001.3501,0.25117792227809255
2024-11-12,104953.2,0.00118911,0.3526017,0.0,5983.9902,0.2475586827318188
2024-11-13,105175.31,0.00211625,0.35546414,0.0,5985.3799,0.24784841119785006
2024-11-14,104984.69,-0.00181238,0.35300752,-0.00181238,5949.1699,0.24029925112373762
2024-11-15,104022.7,-0.00916313,0.34060974,-0.0109589,5870.6201,0.22392297346592205
2024-11-18,104291.46,0.00258366,0.34407341,-0.00840356,5893.6201,0.22871807652321507
2024-11-19,104365.39,0.00070883,0.34502613,-0.00770069,5916.98,0.2335882125192177
2024-11-20,104368.87,3.338e-05,0.34507103,-0.00766756,5917.1099,0.2336152944273544
2024-11-21,104710.58,0.00327405,0.34947486,-0.00441862,5948.71,0.2402033699108661
2024-11-22,105129.28,0.00399861,0.35487089,-0.00043767,5969.3398,0.24450432717396797
2024-11-25,105704.47,0.00547134,0.36228384,0.0,5987.3701,0.2482633335502249
2024-11-26,106395.39,0.00653631,0.37118815,0.0,6021.6299,0.2554059105816271
2024-11-27,106169.32,-0.00212484,0.36827459,-0.00212484,5998.7402,0.2506338031707349
2024-11-29,106662.66,0.00464673,0.3746326,0.0,6032.3799,0.25764710005405744
2024-12-02,106815.43,0.00143229,0.37660147,0.0,6047.1499,0.2607263901478063
2024-12-03,106501.08,-0.00294288,0.37255029,-0.00294288,6049.8799,0.2612955480324328
2024-12-04,106650.26,0.0014007,0.37447282,-0.00154631,6086.4902,0.2689281637480161
2024-12-05,106575.87,-0.0006975,0.37351412,-0.00224273,6075.1099,0.2665555676035416
2024-12-06,106297.21,-0.00261471,0.36992278,-0.00485157,6090.27,0.2697161868147968
2024-12-09,106244.0,-0.00050051,0.36923713,-0.00534965,6052.8501,0.2619147834715967
2024-12-10,106145.84,-0.00092401,0.36797194,-0.00626872,6034.9102,0.2581746239351823
2024-12-11,106338.08,0.00181115,0.37044955,-0.00446892,6084.1899,0.2684485908974643
2024-12-12,105881.31,-0.00429544,0.36456286,-0.00874516,6051.25,0.2615811902367282
2024-12-13,105490.86,-0.00368763,0.35953085,-0.01240055,6051.0898,0.2615477913015205
2024-12-16,105529.42,0.00036555,0.36002783,-0.01203953,6074.0801,0.2663408720762199
2024-12-17,105439.48,-0.00085225,0.35886874,-0.01288152,6050.6099,0.26144774043381647
2024-12-18,102933.66,-0.02376549,0.32657455,-0.03634088,5872.1602,0.2242440577362932
2024-12-19,103069.38,0.00131853,0.32832369,-0.03507027,5867.0801,0.22318494456058224
2024-12-20,104205.51,0.0110229,0.34296567,-0.02443394,5930.8501,0.23647988899378114
2024-12-23,104639.08,0.00416078,0.34855345,-0.02037483,5974.0698,0.24549045054183738
2024-12-24,105576.1,0.00895469,0.36062933,-0.01160259,6040.04,0.2592440987031519
2024-12-26,105625.85,0.0004713,0.3612706,-0.01113675,6037.5898,0.2587332742896311
2024-12-27,104653.87,-0.00920213,0.34874401,-0.0202364,5970.8398,0.24481705128640008
2024-12-30,103693.28,-0.00917872,0.33636427,-0.02922937,5906.9399,0.23149502494506446
2024-12-31,103481.4,-0.0020434,0.33363355,-0.03121304,5881.6299,0.22621832675462583
2025-01-02,103095.15,-0.00373251,0.32865574,-0.03482905,5868.5498,0.22349135164594314
2025-01-03,103969.49,0.00848087,0.33992391,-0.02664356,5942.4702,0.23890247929969655
2025-01-06,104209.6,0.00230942,0.34301835,-0.02439567,5975.3799,0.24576358378163565
2025-01-07,103561.77,-0.00621657,0.33466938,-0.03046058,5909.0298,0.23193073302677902
2025-01-08,103547.13,-0.00014133,0.33448075,-0.03059761,5918.25,0.23385298560107692
2025-01-10,101943.16,-0.01549024,0.31380933,-0.04561388,5827.04,0.21483727473778558
2025-01-13,102445.76,0.00493014,0.32028659,-0.04090863,5836.2202,0.21675118800241866
2025-01-14,102749.94,0.00296916,0.32420674,-0.03806093,5842.9102,0.21814593754386613
2025-01-15,104600.46,0.01800994,0.34805562,-0.02073647,5949.9102,0.24045359089736018
2025-01-16,104040.28,-0.00535535,0.3408363,-0.02598077,5937.3398,0.23783287944208187
2025-01-17,105166.52,0.01082505,0.35535092,-0.01543696,5996.6602,0.2502001590681624
2025-01-21,105719.86,0.00526152,0.36248213,-0.01025666,6049.2402,0.2611621816226175
2025-01-22,106266.02,0.00516611,0.36952087,-0.00514354,6086.3701,0.2689031249707474
2025-01-23,106925.52,0.00620616,0.37802033,0.0,6118.71,0.2756454359865106
2025-01-24,106563.38,-0.00338692,0.37335309,-0.00338692,6101.2402,0.2720032841869324
2025-01-27,106432.59,-0.0012273,0.37166757,-0.00461006,6012.2798,0.2534565760991925
2025-01-28,107209.88,0.00730309,0.38168497,0.0,6067.7002,0.2650107730329494
2025-01-29,106945.32,-0.00246762,0.3782755,-0.00246762,6039.3101,0.2590919271500425
2025-01-30,106534.14,-0.00384484,0.37297626,-0.00630297,6071.1699,0.2657341456015532
2025-01-31,105764.8,-0.00722153,0.36306127,-0.01347898,6040.5298,0.2593462135499982
2025-02-03,104945.91,-0.00774252,0.35250774,-0.02111714,5994.5698,0.24976434674507697
2025-02-04,105790.35,0.00804639,0.36339055,-0.01324066,6037.8799,0.25879375513297553
2025-02-05,105922.11,0.00124548,0.36508863,-0.01201167,6061.48,0.2637139686835155
2025-02-06,106146.23,0.00211589,0.367977,-0.0099212,6083.5698,0.26831931074938487
2025-02-07,105100.84,-0.00984857,0.35450438,-0.01967206,6025.9902,0.2563149578799191
2025-02-10,105688.76,0.00559392,0.36208137,-0.01418818,6066.4399,0.26474802223368377
2025-02-11,106253.29,0.00534136,0.36935674,-0.00892261,6068.5,0.265177517529698
2025-02-12,105792.73,-0.0043345,0.36342126,-0.01321843,6051.9702,0.26173133950724403
2025-02-13,106842.06,0.00991874,0.37694468,-0.0034308,6115.0698,0.2748865171104602
2025-02-14,106585.24,-0.00240376,0.37363484,-0.00582631,6114.6299,0.27479480555242075
2025-02-18,106945.22,0.00337744,0.37827421,-0.00246856,6129.5801,0.2779116642362096
2025-02-19,107463.08,0.00484226,0.38494818,0.0,6144.1499,0.2809492160850857
2025-02-20,106882.15,-0.00540591,0.37746127,-0.00540591,6117.52,0.275397341523981
2025-02-21,105567.05,-0.01230418,0.36051274,-0.01764358,6013.1299,0.2536338072778448
2025-02-24,105421.06,-0.00138292,0.35863126,-0.01900209,5983.25,0.24740436380647046
2025-02-25,105169.71,-0.00238419,0.35539202,-0.02134098,5955.25,0.24156684704107012
2025-02-26,104694.37,-0.00451979,0.34926594,-0.02576431,5956.0601,0.24173573891005762
2025-02-27,103860.22,-0.00796749,0.33851568,-0.03352652,5861.5698,0.22203614210942568
2025-02-28,105546.78,0.0162388,0.36025158,-0.01783215,5954.5,0.24141048498485418
2025-03-03,103699.26,-0.0175043,0.33644132,-0.03502431,5849.7202,0.21956570501430805
2025-03-04,102426.78,-0.01227088,0.32004201,-0.04686541,5778.1499,0.2046445326516393
2025-03-05,103359.62,0.00910739,0.33206415,-0.03818484,5842.6299,0.21808749983138953
2025-03-06,102561.12,-0.00772545,0.32177334,-0.0456153,5738.52,0.19638238244945594
2025-03-07,103102.64,0.00527999,0.32875229,-0.04057616,5770.2002,0.2029871574005715
2025-03-10,101027.32,-0.02012874,0.30200619,-0.05988815,5614.5601,0.17053888264633654
2025-03-11,99941.4,-0.0107487,0.28801132,-0.06999313,5572.0698,0.1616803884100193
2025-03-12,99740.26,-0.00201257,0.2854191,-0.07186483,5599.2998,0.16735737346437096
2025-03-13,98769.74,-0.00973048,0.27291136,-0.08089604,5521.52,0.15114162751760385
2025-03-14,100615.96,0.01869211,0.29670475,-0.06371605,5638.9399,0.175621650190519
2025-03-17,101197.75,0.00578233,0.30420273,-0.05830214,5675.1201,0.18316459747893088
2025-03-18,100630.26,-0.00560775,0.29688909,-0.06358295,5614.6602,0.17055975176877292
2025-03-19,101525.6,0.00889726,0.30842785,-0.0552514,5675.29,0.18320001869673241
2025-03-20,101634.0,0.00106775,0.30982491,-0.05424265,5662.8901,0.1806148535489005
2025-03-21,101880.3,0.00242341,0.31299916,-0.05195069,5667.5601,0.1815884679522728
2025-03-24,103089.57,0.01186947,0.32858377,-0.04069785,5767.5698,0.20243876439701047
2025-03-25,103384.42,0.00286014,0.3323837,-0.03795411,5776.6499,0.20433180853920718
2025-03-26,102890.32,-0.00477921,0.32601596,-0.04255193,5712.2002,0.19089515838652793
2025-03-27,102868.06,-0.00021631,0.32572913,-0.04275903,5693.3101,0.18695689854902486
2025-03-28,100973.53,-0.01841717,0.30131295,-0.06038871,5580.9399,0.16352965117647544
2025-03-31,101712.25,0.00731601,0.31083336,-0.0535145,5611.8501,0.16997389441654231
2025-04-01,101640.08,-0.00070949,0.30990334,-0.05418602,5633.0698,0.17439783564892686
2025-04-02,102109.95,0.00462284,0.31595881,-0.04981368,5670.9702,0.1822994149494761
2025-04-03,98042.88,-0.03983029,0.26354379,-0.08765988,5396.52,0.1250812848149241
2025-04-04,92287.99,-0.05869769,0.18937669,-0.14121213,5074.0801,0.05785813045478161
2025-04-07,91494.06,-0.00860278,0.17914475,-0.14860009,5062.25,0.055391758773125854
2025-04-08,90452.09,-0.01138835,0.16571623,-0.15829614,4982.77,0.03882155046905411
2025-04-09,97953.43,0.08293159,0.26239093,-0.0884923,5456.8999,0.13766945190575242
2025-04-10,95204.86,-0.02805998,0.22696826,-0.11406919,5268.0498,0.09829746530226946
2025-04-11,97337.17,0.02239716,0.25444887,-0.09422685,5363.3599,0.11816797625448294
2025-04-14,97877.97,0.00555589,0.26141845,-0.08919447,5405.9702,0.12705148841979486
2025-04-15,97504.7,-0.00381363,0.25660787,-0.09266795,5396.6299,0.12510419706822828
2025-04-16,95575.06,-0.01979025,0.23173928,-0.11062428,5275.7002,0.0998924416687701
2025-04-17,94933.47,-0.0067129,0.22347074,-0.11659457,5282.7002,0.10135182086012029
2025-04-21,92799.7,-0.02247647,0.19597144,-0.13645041,5158.2002,0.0753957195282513
2025-04-22,95045.7,0.02420267,0.22491714,-0.1155502,5287.7598,0.10240666013962807
2025-04-23,96104.86,0.01114373,0.23856728,-0.10569413,5375.8599,0.12077401052475101
2025-04-24,97453.72,0.01403519,0.25595081,-0.09314237,5484.77,0.14347988676301604
2025-04-25,97815.73,0.0037147,0.2606163,-0.08977367,5525.21,0.1519109288341869
2025-04-28,97883.85,0.00069646,0.26149427,-0.08913973,5528.75,0.1526489577395267
2025-04-29,98411.65,0.00539206,0.26829633,-0.08422831,5560.8301,0.15933710493901665
2025-04-30,98370.8,-0.00041512,0.26776983,-0.08460847,5569.0601,0.16105291790256104
2025-05-01,99358.53,0.01004092,0.28049941,-0.0754171,5604.1401,0.168366492478641
2025-05-02,100288.98,0.00936455,0.2924907,-0.0667588,5686.6699,0.18557253144811003
2025-05-05,99199.86,-0.01085982,0.27845449,-0.07689363,5650.3799,0.17800669275466818
2025-05-06,98586.02,-0.00618784,0.27054361,-0.08260566,5606.9102,0.16894401052120678
2025-05-07,98808.56,0.00225733,0.27341165,-0.0805348,5631.2798,0.17402465154142455
2025-05-08,99348.76,0.00546714,0.28037357,-0.07550795,5663.9399,0.18083371873105492
2025-05-09,99304.96,-0.00044088,0.27980908,-0.07591555,5659.9102,0.17999359582714303
2025-05-12,102204.68,0.02920012,0.31717965,-0.04893217,5844.1899,0.2184127329083192
2025-05-13,102044.29,-0.00156933,0.31511257,-0.05042471,5886.5498,0.22724404099512907
2025-05-14,102151.27,0.00104843,0.31649137,-0.04942915,5892.5801,0.22850125447192893
2025-05-15,102500.56,0.00341936,0.32099293,-0.0461788,5916.9302,0.23357783007868504
2025-05-16,103151.07,0.00634631,0.32937636,-0.04012556,5958.3799,0.24221937717407105
2025-05-19,103341.61,0.00184728,0.33183208,-0.0383524,5963.6001,0.2433076987818834
2025-05-20,102986.55,-0.00343585,0.32725611,-0.04165648,5940.46,0.2384833872924892
2025-05-21,101549.08,-0.01395784,0.30873048,-0.05503289,5844.6099,0.21850029565980011
2025-05-22,101617.03,0.00066918,0.30960626,-0.05440053,5842.0098,0.21795821968331008
2025-05-23,100987.07,-0.0061994,0.30148748,-0.06026268,5802.8198,0.20978778103916618
2025-05-27,102824.72,0.01819687,0.32517048,-0.0431624,5921.54,0.23453889382101156
2025-05-28,102218.83,-0.00589243,0.31736201,-0.0488005,5888.5498,0.22766100647837195
2025-05-29,102752.86,0.00522441,0.32424446,-0.04383104,5912.1699,0.23258538968374443
2025-05-30,102777.8,0.00024271,0.32456586,-0.04359897,5911.6899,0.23248531796776617
2025-06-02,102872.15,0.00091801,0.32578183,-0.04272098,5935.9399,0.23754102445208614
2025-06-03,103094.45,0.00216089,0.32864669,-0.04065241,5970.3701,0.24471912694266051
2025-06-04,102901.0,-0.00187645,0.32615355,-0.04245258,5970.8101,0.24481085934897395
2025-06-05,102554.67,-0.00336561,0.32169023,-0.04567531,5939.2998,0.23824150561565993
2025-06-06,103948.81,0.01359411,0.33965744,-0.03270212,6000.3599,0.25097148266733926
2025-06-09,104147.92,0.00191545,0.34222349,-0.03084931,6005.8799,0.25212230740108943
2025-06-10,104662.33,0.00493925,0.34885307,-0.02606242,6038.8101,0.2589876857792317
2025-06-11,104595.0,-0.00064333,0.34798531,-0.02668899,6022.2402,0.2555331475988387
2025-06-12,105061.55,0.00446054,0.35399805,-0.0223475,6045.2598,0.2603323369178674
2025-06-13,103856.57,-0.01146926,0.3384687,-0.03356045,5976.9702,0.24609513388563609
2025-06-16,104682.23,0.00794994,0.34910945,-0.02587731,6033.1099,0.2577992924554413
2025-06-17,104099.47,-0.00556695,0.34159902,-0.0313002,5982.7202,0.24729390964995934
2025-06-18,103884.99,-0.00206032,0.3388349,-0.03329603,5980.8701,0.2469081957296857
2025-06-20,103831.05,-0.00051923,0.33813973,-0.03379797,5967.8398,0.24419160306153564
2025-06-23,104457.48,0.00603321,0.34621301,-0.02796867,6025.1699,0.2561439394869669
2025-06-24,105252.26,0.00760862,0.35645584,-0.02057286,6092.1802,0.270114430547842
2025-06-25,105414.1,0.00153767,0.35854162,-0.01906682,6092.1602,0.2701102608930097
2025-06-26,106378.26,0.00914642,0.37096741,-0.01009479,6141.02,0.2802966859520848
2025-06-27,107003.49,0.00587739,0.37902513,-0.00427673,6173.0698,0.28697851612450354
2025-06-30,107554.8,0.00515223,0.38613019,0.0,6204.9502,0.2936250293204916
2025-07-01,108140.77,0.00544814,0.39368202,0.0,6198.0098,0.2921780757005421
2025-07-02,108581.89,0.0040791,0.399367,0.0,6227.4199,0.2983095739799029
2025-07-03,109543.94,0.00886017,0.41176563,0.0,6279.3501,0.3091361244488524
2025-07-07,108579.65,-0.00880284,0.39933809,-0.00880284,6229.98,0.29884331064672787
2025-07-08,108311.06,-0.00247362,0.39587666,-0.01125468,6225.52,0.29791347761909637
2025-07-09,108890.6,0.00535068,0.40334554,-0.00596423,6263.2598,0.30578157459134103
2025-07-10,109375.7,0.00445491,0.40959732,-0.00153589,6280.46,0.30936751944377816
2025-07-11,109227.47,-0.00135524,0.40768698,-0.00288905,6259.75,0.3050498418647982
2025-07-14,108957.89,-0.002468,0.4042128,-0.00534992,6268.5601,0.306886595666757
2025-07-15,108659.82,-0.00273565,0.40037137,-0.00807093,6243.7598,0.301716161129723
2025-07-16,109248.53,0.00541794,0.4079585,-0.00269672,6263.7002,0.3058733903907511
2025-07-17,109773.73,0.0048073,0.41472698,0.0,6297.3599,0.3128908569289064
2025-07-18,109540.46,-0.00212493,0.41172078,-0.00212493,6296.79,0.31277204261445624
2025-07-21,109729.69,0.00172747,0.41415949,-0.00040113,6305.6001,0.31460879641641526
2025-07-22,109998.5,0.0024497,0.41762375,0.0,6309.6201,0.31544689703773354
2025-07-23,111019.54,0.00928235,0.43078263,0.0,6358.9102,0.32572303222052845
2025-07-24,111126.35,0.00096206,0.43215913,0.0,6363.3501,0.3266486747450532
2025-07-25,111423.19,0.00267119,0.4359847,0.0,6388.6401,0.3319212032806593
2025-07-28,111301.99,-0.00108773,0.43442273,-0.00108773,6389.77,0.3321567679304176
2025-07-29,110919.62,-0.00343544,0.42949486,-0.00451944,6370.8599,0.328214338438082
2025-07-30,110740.4,-0.00161578,0.42718511,-0.00612791,6362.8999,0.3265548158147755
2025-07-31,110492.01,-0.00224297,0.42398398,-0.00835714,6339.3901,0.3216534282558037
2025-08-01,108471.19,-0.01828928,0.39794034,-0.02649357,6238.0098,0.30051738536539974
2025-08-04,109508.82,0.00956594,0.41131295,-0.01718107,6329.9399,0.3196832246509329
2025-08-05,109339.14,-0.00154946,0.40912617,-0.01870391,6299.1899,0.3132723803460735
2025-08-06,110055.6,0.00655269,0.41835973,-0.01227379,6345.0601,0.3228355254007971
2025-08-07,109864.08,-0.00174027,0.41589139,-0.0139927,6340.0,0.32178058187991865
2025-08-08,110943.59,0.00982591,0.42980382,-0.00430428,6389.4502,0.33209009514964705
2025-08-11,110655.87,-0.00259343,0.42609572,-0.00688655,6373.4502,0.328754371283704
2025-08-12,111683.13,0.00928336,0.43933469,0.0,6445.7598,0.3438296749372536
2025-08-13,112133.91,0.00403632,0.4451443,0.0,6466.5801,0.34817034816263437
2025-08-14,112471.33,0.00300905,0.44949281,0.0,6468.54,0.3485789534879382
2025-08-15,112323.65,-0.00131308,0.44758951,-0.00131308,6449.7998,0.34467194521340416
2025-08-18,112351.15,0.00024485,0.44794395,-0.00106855,6449.1499,0.3445364522796244
2025-08-19,111927.87,-0.00376744,0.44248891,-0.00483196,6411.3701,0.3366600159977149
2025-08-20,111727.27,-0.00179228,0.43990356,-0.00661559,6395.7798,0.33340970751101406
2025-08-21,111611.43,-0.00103681,0.43841065,-0.00764554,6370.1699,0.3280704853463632
2025-08-22,113354.52,0.01561754,0.46087508,0.0,6466.9102,0.3482391683156436
2025-08-25,112841.73,-0.00452381,0.45426636,-0.00452381,6439.3198,0.3424870460812115
2025-08-26,113153.08,0.00275923,0.45827901,-0.00177706,6465.9399,0.3480368775114484
2025-08-27,113613.75,0.00407117,0.46421592,0.0,6481.3999,0.35126002069691586
2025-08-28,113881.31,0.00235502,0.46766418,0.0,6501.8599,0.3555255775904904
2025-08-29,113585.16,-0.00260055,0.46384745,-0.00260055,6460.2598,0.3468526746907643
2025-09-02,112949.21,-0.00559885,0.45565158,-0.00818484,6415.54,0.33752936818200197
2025-09-03,113479.33,0.00469344,0.4624836,-0.00352982,6448.2598,0.344350881791307
2025-09-04,114476.04,0.00878317,0.47532884,0.0,6502.0801,0.35557148549019546
2025-09-05,113148.7,-0.0115949,0.45822255,-0.0115949,6481.5,0.351280889819352
2025-09-08,113181.32,0.00028829,0.45864294,-0.01130995,6495.1499,0.35412665839421065
2025-09-09,113915.17,0.00648382,0.46810052,-0.00489946,6512.6099,0.357766767062921
2025-09-10,113612.23,-0.00265931,0.46419639,-0.00754574,6532.04,0.36181760758089965
2025-09-11,114677.77,0.00937868,0.47792862,0.0,6587.4702,0.37337384764552417
2025-09-12,114709.4,0.00027589,0.47833636,0.0,6584.29,0.37271083083061973
2025-09-15,115384.17,0.00588243,0.48703257,0.0,6615.2798,0.3791716692969198
2025-09-16,115373.57,-9.188e-05,0.48689594,-9.188e-05,6606.7598,0.377395396338305
2025-09-17,115839.88,0.00404173,0.49290557,0.0,6600.3501,0.3760590845093341
2025-09-18,115777.81,-0.00053584,0.4921056,-0.00053584,6631.96,0.38264920312371364
2025-09-19,116549.73,0.00666726,0.50205386,0.0,6664.3599,0.38940402310397415
2025-09-22,116989.82,0.00377596,0.50772555,0.0,6693.75,0.3955313517285024
2025-09-23,116498.58,-0.00419899,0.50139463,-0.00419899,6656.9199,0.3878529115063105
2025-09-24,116227.86,-0.00232383,0.49790564,-0.00651306,6637.9702,0.38390222609740676
2025-09-25,116090.49,-0.00118184,0.49613536,-0.0076872,6604.7202,0.37697017493849394
2025-09-26,116648.15,0.00480368,0.50332231,-0.00292045,6643.7002,0.3850968322068977
2025-09-29,116936.24,0.00246972,0.5070351,-0.00045794,6661.21,0.3887473233161407
2025-09-30,117451.02,0.0044022,0.51366937,0.0,6688.46,0.3944284780253249
2025-10-01,117711.45,0.00221738,0.51702574,0.0,6711.2002,0.3991694172663449
2025-10-02,117664.34,-0.00040025,0.51641854,-0.00040025,6715.3501,0.4000345997957995
2025-10-03,118273.48,0.00517699,0.52426903,0.0,6715.79,0.4001263113538389
2025-10-06,118478.83,0.00173623,0.5269155,0.0,6740.2798,0.4052320119995996
2025-10-07,118304.26,-0.00147347,0.52466564,-0.00147347,6714.5898,0.39987609036734484
2025-10-08,118509.7,0.00173659,0.52731335,0.0,6753.7202,0.4080341034400883
2025-10-09,118095.54,-0.00349481,0.52197569,-0.00349481,6735.1099,0.40415417707369095
2025-10-10,115531.86,-0.02170853,0.48893582,-0.02512747,6552.5098,0.366085207605342
2025-10-13,116954.89,0.01231724,0.50727541,-0.01311973,6654.7202,0.387394312019566
2025-10-14,116936.29,-0.00015904,0.50703569,-0.01327668,6644.3101,0.38522398583101247
2025-10-15,116961.31,0.00021401,0.50735821,-0.01306552,6671.0601,0.3908008991693861
2025-10-16,116451.03,-0.00436286,0.50078181,-0.01737138,6629.0698,0.3820466463038794
2025-10-17,116954.71,0.00432532,0.50727317,-0.0131212,6664.0098,0.3893310332961324
2025-10-20,118334.43,0.01179701,0.52505448,-0.00147898,6735.1299,0.40415834672852324
2025-10-21,118278.56,-0.00047214,0.52433444,-0.00195043,6735.3501,0.4042042546282283
2025-10-22,117678.06,-0.00507704,0.51659533,-0.00701756,6699.3999,0.3967092583703893
2025-10-23,118365.4,0.00584091,0.52545363,-0.00121764,6738.4399,0.4048484246032904
2025-10-24,119426.48,0.00896446,0.5391285,0.0,6791.6899,0.4159501305946318
2025-10-27,120635.31,0.01012189,0.55470739,0.0,6875.1602,0.43335224758259594
2025-10-28,121073.92,0.00363588,0.56036011,0.0,6890.8901,0.43663166026002687
2025-10-29,121844.15,0.00636167,0.57028661,0.0,6890.5898,0.43656905289271797
2025-10-30,121370.06,-0.00389101,0.56417661,-0.00389101,6822.3398,0.42234010577705483
2025-10-31,121685.27,0.00259713,0.56823898,-0.00130399,6840.2002,0.42606369093551044
2025-11-03,121334.38,-0.00288362,0.56371678,-0.00418384,6851.9702,0.42851753280439464
2025-11-04,120568.85,-0.00630927,0.55385087,-0.01046671,6771.5498,0.4117512673301018
2025-11-05,120675.11,0.00088136,0.55522036,-0.00959458,6796.29,0.41690917205436473
2025-11-06,119915.95,-0.00629093,0.54543658,-0.01582516,6720.3198,0.4010706964768358
2025-11-07,119994.91,0.00065846,0.54645418,-0.01517712,6728.7998,0.40283863012578536
2025-11-10,121424.1,0.01191041,0.56487308,-0.00344748,6832.4302,0.4244437800331118
2025-11-11,122449.44,0.00844433,0.57808739,0.0,6846.6099,0.4274000027644813
2025-11-12,122795.14,0.0028232,0.58254265,0.0,6850.9199,0.4282985633808696
2025-11-13,121058.78,-0.01414035,0.56016494,-0.01414035,6737.4902,0.40465042854357236
2025-11-14,120754.63,-0.00251242,0.55624515,-0.01661725,6734.1099,0.4039456943320696
2025-11-17,119800.5,-0.00790135,0.54394872,-0.02438729,6672.4102,0.3910823717188492
2025-11-18,118722.68,-0.00899682,0.53005809,-0.0331647,6617.3198,0.3795969740898275
2025-11-19,119105.86,0.00322755,0.53499643,-0.03004419,6642.1602,0.3847757687848008
2025-11-20,117886.19,-0.01024022,0.51927772,-0.03997676,6538.7598,0.36321856990804724
2025-11-21,118793.22,0.00769406,0.53096714,-0.03259028,6602.9902,0.37660949979548897
2025-11-24,119957.29,0.00979917,0.54596935,-0.02311046,6705.1201,0.3979018213490122
2025-11-25,120764.84,0.00673199,0.5563768,-0.01653405,6765.8799,0.4105691910333824
2025-11-26,121517.17,0.00622972,0.5660726,-0.01040733,6812.6099,0.4203115895493523
2025-11-28,122208.12,0.00568604,0.57497735,-0.00478047,6849.0898,0.42791701911542823
2025-12-01,121576.27,-0.00517033,0.56683419,-0.00992608,6812.6299,0.42031575920418485
2025-12-02,121972.96,0.00326291,0.57194664,-0.00669556,6829.3701,0.423805801995476
2025-12-03,122233.96,0.0021398,0.57531029,-0.00457008,6849.7202,0.42804844663574637
2025-12-04,122078.2,-0.00127425,0.57330296,-0.00583851,6857.1201,0.42959119807547097
2025-12-05,122178.55,0.00082198,0.57459618,-0.00502133,6870.3999,0.4323598071876553
2025-12-08,121805.0,-0.00305741,0.56978198,-0.00806339,6846.5098,0.42737913364204494
2025-12-09,121500.34,-0.00250117,0.5658557,-0.01054439,6840.5098,0.4261282371923163
2025-12-10,122457.7,0.00787944,0.57819376,-0.00274804,6886.6802,0.43575396876607475
2025-12-11,123458.73,0.00817452,0.59109473,0.0,6901.0,0.43873939992954547
2025-12-12,122597.59,-0.00697512,0.57999665,-0.00697512,6827.4102,0.42339719667017217
2025-12-15,122476.38,-0.00098866,0.57843457,-0.00795689,6816.5098,0.4211246513934017
2025-12-16,121682.23,-0.00648412,0.56819982,-0.01438941,6800.2598,0.4177368068420533
2025-12-17,120890.25,-0.0065086,0.55799304,-0.02080435,6721.4302,0.40130219571313197
2025-12-18,121286.14,0.00327481,0.56309517,-0.01759767,6774.7598,0.4124204969307068
2025-12-19,122100.46,0.00671404,0.57358984,-0.01100179,6834.5,0.4248752976117198
2025-12-22,122543.3,0.0036268,0.57929694,-0.00741489,6878.4902,0.4340464951121952
2025-12-23,123197.49,0.00533844,0.58772793,-0.00211603,6909.79,0.440571963228398
2025-12-24,123715.11,0.00420156,0.59439886,0.0,6932.0498,0.44521274736034266
2025-12-26,123666.68,-0.00039147,0.5937747,-0.00039147,6929.9399,0.4447728696237958
2025-12-29,123323.55,-0.00277461,0.5893526,-0.00316499,6905.7402,0.43972764982137935
2025-12-30,123222.55,-0.00081901,0.5880509,-0.00398141,6896.2402,0.4377470637759757
2025-12-31,122596.26,-0.00508258,0.57997951,-0.00904375,6845.5,0.42716860776955556
2026-01-02,123100.25,0.00411099,0.5864748,-0.00496994,6858.4702,0.42987267062493384
2026-01-05,124331.04,0.00999827,0.6023368,0.0,6902.0498,0.43895826511169966
2026-01-06,124514.4,0.00147474,0.60469982,0.0,6944.8198,0.44787507197084864
2026-01-07,123667.38,-0.00680261,0.59378368,-0.00680261,6920.9302,0.4428945026666089
2026-01-08,124295.56,0.0050796,0.60187946,-0.00175756,6921.46,0.44300495682312
2026-01-09,124759.66,0.00373389,0.6078607,0.0,6966.2798,0.45234911160604474
2026-01-12,125013.15,0.00203181,0.61112757,0.0,6977.27,0.45464037863301265
2026-01-13,124482.39,-0.0042456,0.60428736,-0.0042456,6963.7402,0.4518196488354229
2026-01-14,124326.31,-0.00125382,0.60227587,-0.0054941,6926.6001,0.4440765789633283
2026-01-15,124799.17,0.00380331,0.60836982,-0.00171169,6944.4702,0.4478021864043775
2026-01-16,124645.32,-0.00123275,0.60638709,-0.00294233,6940.0098,0.4468722699836494
2026-01-20,122633.32,-0.01614181,0.5804571,-0.01903665,6796.8599,0.41702798636881466
2026-01-21,123368.97,0.00599876,0.58993788,-0.01315209,6875.6201,0.43344812879546746
2026-01-22,124256.03,0.00719034,0.60137007,-0.00605632,6913.3501,0.4413141826368443
2026-01-23,124213.78,-0.00034006,0.60082551,-0.00639432,6915.6099,0.4417853119363606
2026-01-26,125182.74,0.00780079,0.6133132,0.0,6950.23,0.4490030052995688
2026-01-27,125381.11,0.00158465,0.61586973,0.0,6978.6001,0.4549176815276432
2026-01-28,125646.89,0.00211976,0.61929499,0.0,6978.0298,0.45479878382009664
2026-01-29,125479.8,-0.00132985,0.61714157,-0.00132985,6969.0098,0.45291826949067104
2026-01-30,125300.1,-0.00143212,0.61482563,-0.00276007,6939.0298,0.44666795689686056
2026-02-02,126621.38,0.01054496,0.63185391,0.0,6976.4399,0.45446731710919264
2026-02-03,126624.97,2.836e-05,0.63190018,0.0,6917.8101,0.442244015664476
2026-02-04,126793.32,0.0013295,0.6340698,0.0,6882.7202,0.4349283771092538
2026-02-05,125098.4,-0.01336759,0.61222622,-0.01336759,6798.3999,0.4173490497909118
2026-02-06,127478.11,0.01902271,0.64289513,0.0,6932.2998,0.44526486804574805
2026-02-09,127952.92,0.00372466,0.64901435,0.0,6964.8198,0.45204472680327745
2026-02-10,127825.33,-0.00099718,0.64736998,-0.00099718,6941.8101,0.4472476014633904
2026-02-11,128297.14,0.00369104,0.65345049,0.0,6941.4702,0.4471767381795133
2026-02-12,126164.65,-0.01662149,0.62596767,-0.01662149,6832.7598,0.42451249594475016
2026-02-13,125601.8,-0.00446121,0.61871389,-0.02100855,6836.1699,0.42522344294195347
2026-02-17,126071.81,0.00374203,0.62477117,-0.01734513,6843.2202,0.42669330881520695
2026-02-18,126610.89,0.00427599,0.63171868,-0.01314331,6881.3101,0.4346343955952934
2026-02-19,126387.11,-0.00176747,0.62883467,-0.01488755,6861.8901,0.430585660753005
2026-02-20,127044.1,0.00519828,0.6373018,-0.00976666,6909.5098,0.4405135463641956
2026-02-23,126047.36,-0.00784563,0.62445614,-0.01753566,6837.75,0.4255528665219894
2026-02-24,126858.27,0.00643339,0.6349069,-0.01121509,6890.0698,0.4364606418670749
2026-02-25,127844.89,0.00777731,0.64762207,-0.003525,6946.1299,0.4481482052106467
2026-02-26,127245.69,-0.00468692,0.6398998,-0.0081954,6908.8599,0.4403780534304158
2026-02-27,126308.55,-0.00736478,0.6278223,-0.01549982,6878.8799,0.4341277408366051
2026-03-02,126414.59,0.00083955,0.62918893,-0.01467329,6881.6201,0.4346990252451961
2026-03-03,125423.78,-0.0078378,0.61641967,-0.02239608,6816.6299,0.4211496901706706
2026-03-04,125728.35,0.00242835,0.6203449,-0.02002212,6869.5,0.43217219356847014
2026-03-05,124620.62,-0.00881051,0.60606883,-0.02865623,6830.71,0.42408514802097463
2026-03-06,123296.03,-0.01062898,0.58899796,-0.03898062,6740.02,0.40517784818332636
2026-03-09,124388.4,0.00885967,0.60307596,-0.03046631,6795.9902,0.4168466689284265
2026-03-10,124511.2,0.0009873,0.60465868,-0.02950908,6781.48,0.41382154265095106
2026-03-11,124297.61,-0.0017155,0.60190588,-0.03117396,6775.7998,0.41263731898199296
2026-03-12,122813.57,-0.0119394,0.58278009,-0.04274116,6672.6201,0.39112613224631554
2026-03-13,122158.3,-0.00533547,0.57433522,-0.04784859,6632.1899,0.3826971333060125
2026-03-16,123327.74,0.00957312,0.58940651,-0.03873353,6699.3799,0.39670508871555676
2026-03-17,123607.29,0.00226673,0.59300927,-0.0365546,6716.0898,0.40018881447977694
2026-03-18,122044.65,-0.01264194,0.57287054,-0.04873442,6624.7002,0.38113566011609046
2026-03-19,121703.16,-0.00279811,0.56846947,-0.05139617,6606.4902,0.37733918939116395
2026-03-20,120581.59,-0.00921555,0.55401517,-0.06013807,6506.48,0.3564887887050556
2026-03-23,121802.31,0.01012353,0.56974729,-0.05062335,6581.0,0.3720249226106851
2026-03-24,121654.12,-0.00121664,0.56783748,-0.05177839,6556.3701,0.36689001353282324
2026-03-25,122285.95,0.0051937,0.57598036,-0.04685361,6591.8999,0.3742973636460847
2026-03-26,121041.64,-0.01017545,0.55994405,-0.05655231,6477.1602,0.3503761164172634
2026-03-27,119484.67,-0.01286306,0.53987839,-0.06868793,6368.8501,0.3277953298239711
2026-03-30,119487.27,2.172e-05,0.53991184,-0.0686677,6343.7202,0.3225561793752987
2026-03-31,122450.44,0.02479905,0.57810019,-0.04557155,6528.52,0.36108374833039214
2026-04-01,122723.41,0.00222927,0.58161819,-0.04344387,6575.3198,0.3708406989417272
2026-04-02,122747.22,0.00019401,0.58192504,-0.04325829,6582.6899,0.37237723759575125
2026-04-06,123276.67,0.00431335,0.58874844,-0.03913153,6611.8301,0.37845246638314833
2026-04-07,123194.85,-0.00066371,0.58769397,-0.03976927,6616.8501,0.37949904974608795
2026-04-08,125642.59,0.0198688,0.61923955,-0.02069063,6782.8101,0.41409884554558185
2026-04-09,126542.24,0.00716041,0.63083396,-0.01367838,6824.6602,0.4228238691307131
2026-04-10,126286.73,-0.00201912,0.62754111,-0.01566988,6816.8901,0.42120393738004025
2026-04-13,126866.89,0.00459394,0.63501794,-0.01114793,6886.2402,0.4356622363597613
2026-04-14,127859.52,0.00782416,0.64781057,-0.003411,6967.3799,0.4525784634701022
2026-04-15,128200.76,0.00266894,0.65220848,-0.00075116,7022.9502,0.46416391196682816
2026-04-16,128470.29,0.0021024,0.65568208,0.0,7041.2798,0.46798531722765246
2026-04-17,129810.59,0.0104327,0.67295532,0.0,7126.0601,0.4856605466071404
2026-04-20,129691.45,-0.00091774,0.67141997,-0.00091774,7109.1401,0.4821330186189057
2026-04-21,128900.91,-0.00609554,0.66123176,-0.0070077,7064.0098,0.4727241299447078
2026-04-22,130172.1,0.00986175,0.6776144,0.0,7137.8999,0.48812894057139
2026-04-23,130208.1,0.00027659,0.67807841,0.0,7108.3999,0.48197869969355756
2026-04-24,130811.91,0.00463726,0.6858601,0.0,7165.0801,0.493795543185209
2026-04-27,130993.37,0.00138713,0.68819861,0.0,7173.9102,0.49563646664200056
2026-04-28,131458.87,0.00355364,0.69419785,0.0,7138.7998,0.4883165541905752
2026-04-29,131481.24,0.00017014,0.69448611,0.0,7135.9502,0.48772246177005063
2026-04-30,133010.8,0.01163333,0.71419863,0.0,7209.0098,0.5029541274798162
2026-05-01,133324.0,0.00235468,0.71823503,0.0,7230.1201,0.5073552607002674
2026-05-04,132334.33,-0.00742306,0.70548047,-0.00742306,7200.75,0.5012321017305716
2026-05-05,133337.92,0.00758377,0.71841444,0.0,7259.2202,0.5134221293297254
2026-05-06,134786.73,0.0108657,0.73708622,0.0,7365.1201,0.5355004308191615
2026-05-07,133981.94,-0.00597085,0.72671434,-0.00597085,7337.1099,0.5296607875297967
2026-05-08,134208.69,0.00169238,0.72963659,-0.00428857,7398.9302,0.5425492531616565
2026-05-11,134930.89,0.00538117,0.73894407,0.0,7412.8398,0.5454491647045141
2026-05-12,135252.67,0.00238476,0.74309103,0.0,7400.96,0.5429724314305997
2026-05-13,135981.42,0.00538812,0.75248301,0.0,7444.25,0.5519976493153917
2026-05-14,136840.43,0.00631709,0.76355362,0.0,7501.2402,0.5638791224569459
2026-05-15,136094.26,-0.00545283,0.75393726,-0.00545283,7408.5,0.5445443913024253
2026-05-18,136250.12,0.00114519,0.75594585,-0.00431388,7403.0498,0.54340811866404
2026-05-19,135411.74,-0.00615321,0.74514116,-0.01044054,7353.6099,0.5331007527665506
2026-05-20,136418.4,0.00743404,0.75811461,-0.00308412,7432.9702,0.5496460056864503
2026-05-21,136616.27,0.00145048,0.76066471,-0.00163812,7445.7202,0.5523041606421235
2026-05-22,137163.01,0.00400203,0.76771094,0.0,7473.4702,0.5580895567221185
2026-05-26,136808.32,-0.00258593,0.76313976,-0.00258593,7519.1201,0.567606773028863
2026-05-27,137020.67,0.00155215,0.76587641,-0.0010378,7520.3599,0.5678652499319254
2026-05-28,137157.87,0.00100136,0.7676447,-3.748e-05,7563.6299,0.576886298161885
2026-05-29,137087.94,-0.00050984,0.76674348,-0.0005473,7580.0601,0.5803117113032734
2026-06-01,137169.62,0.00059577,0.76779605,0.0,7599.96,0.5844604970132659
2026-06-02,137366.55,0.00143569,0.77033407,0.0,7609.7798,0.5865077558394403
2026-06-03,135994.88,-0.00998544,0.7526565,-0.00998544,7553.6802,0.5748119574275741
2026-06-04,137917.78,0.01413947,0.77743813,0.0,7584.3101,0.5811977629551646
2026-06-05,136087.29,-0.01327234,0.75384736,-0.01327234,7383.7402,0.5393824003164269
2026-06-08,135815.37,-0.00199814,0.75034292,-0.01524397,7405.73,0.5439668941081339
2026-06-09,135381.95,-0.00319124,0.74475715,-0.01838656,7386.6499,0.5399890225497228
2026-06-10,133318.06,-0.01524489,0.71815851,-0.03335116,7266.9902,0.5150420402321241
2026-06-11,134578.98,0.00945793,0.73440874,-0.02420866,7394.2998,0.5415838946748526
2026-06-12,135338.28,0.00564208,0.7441944,-0.01870317,7431.46,0.5493311550500535
2026-06-15,136648.85,0.00968363,0.76108453,-0.00920066,7554.29,0.5749390902034148
2026-06-16,137352.1,0.00514641,0.7701478,-0.0041016,7511.3501,0.5659868621264643
2026-06-17,136027.8,-0.00964165,0.75308065,-0.0137037,7420.1001,0.5469628119535082
2026-06-18,136288.89,0.00191943,0.75644558,-0.01181057,7500.5801,0.5637415029992017
2026-06-22,135950.91,-0.00247991,0.75208975,-0.01426119,7472.79,0.5579477467612677
2026-06-23,135497.66,-0.00333393,0.74624841,-0.01754757,7365.46,0.5355712941030386
2026-06-24,135082.68,-0.00306263,0.7409003,-0.02055645,7358.2202,0.5340619207502477
2026-06-25,134342.13,-0.00548221,0.73135632,-0.02592597,7357.4902,0.5339097283488641
2026-06-26,134667.21,0.0024198,0.73554585,-0.02356891,7354.02,0.5331862515388894
2026-06-29,135344.67,0.00503066,0.74427679,-0.01865682,7440.4302,0.5512012869389462
2026-06-30,135999.9,0.00484119,0.75272117,-0.01390595,7499.3599,0.5634871123578751
2026-07-01,136025.44,0.00018776,0.75305025,-0.0137208,7483.23,0.5601243065837953
2026-07-02,137707.15,0.01236321,0.77472357,-0.00152723,7483.2402,0.56012643310776
2026-07-06,137997.27,0.0021068,0.77846256,0.0,7537.4302,0.5714241128762256
2026-07-07,138295.99,0.00216467,0.78231234,0.0,7503.8501,0.5644232415643036
2026-07-08,137503.65,-0.00572931,0.77210092,-0.00572931,7482.71,0.5600158955581522
2026-07-09,137595.09,0.00066499,0.77327935,-0.00506813,7543.6401,0.5727187698534206
2026-07-10,138124.87,0.00385029,0.78010699,-0.00123735,7575.3901,0.5793380968999013
2026-07-13,138345.23,0.00159538,0.78294693,0.0,7515.3398,0.5668186457207114
2026-07-14,139254.01,0.00656892,0.79465897,0.0,7543.5898,0.5727082831715171
2026-07-15,140338.3,0.00778647,0.80863302,0.0,7572.3999,0.578714691805905
2026-07-16,139807.48,-0.00378248,0.8017919,-0.00378248,7533.77,0.5706610243453429
2026-07-17,138719.07,-0.00778504,0.78776488,-0.01153808,7457.6899,0.5547996365145098
2026-07-20,138396.0,-0.00232895,0.78360126,-0.01384016,7443.2798,0.5517953793594708
2026-07-21,139416.92,0.00737682,0.79675857,-0.00656543,7509.48,0.5655969785513582
